-- MySQL dump 10.14  Distrib 5.5.56-MariaDB, for Linux (x86_64)
--
-- Host: localhost    Database: etimesheet
-- ------------------------------------------------------
-- Server version	5.5.56-MariaDB

/*!40101 SET @OLD_CHARACTER_SET_CLIENT=@@CHARACTER_SET_CLIENT */;
/*!40101 SET @OLD_CHARACTER_SET_RESULTS=@@CHARACTER_SET_RESULTS */;
/*!40101 SET @OLD_COLLATION_CONNECTION=@@COLLATION_CONNECTION */;
/*!40101 SET NAMES utf8 */;
/*!40103 SET @OLD_TIME_ZONE=@@TIME_ZONE */;
/*!40103 SET TIME_ZONE='+00:00' */;
/*!40014 SET @OLD_UNIQUE_CHECKS=@@UNIQUE_CHECKS, UNIQUE_CHECKS=0 */;
/*!40014 SET @OLD_FOREIGN_KEY_CHECKS=@@FOREIGN_KEY_CHECKS, FOREIGN_KEY_CHECKS=0 */;
/*!40101 SET @OLD_SQL_MODE=@@SQL_MODE, SQL_MODE='NO_AUTO_VALUE_ON_ZERO' */;
/*!40111 SET @OLD_SQL_NOTES=@@SQL_NOTES, SQL_NOTES=0 */;

--
-- Current Database: `etimesheet`
--

CREATE DATABASE /*!32312 IF NOT EXISTS*/ `etimesheet` /*!40100 DEFAULT CHARACTER SET utf8 */;

USE `etimesheet`;

--
-- Table structure for table `activity`
--

DROP TABLE IF EXISTS `activity`;
/*!40101 SET @saved_cs_client     = @@character_set_client */;
/*!40101 SET character_set_client = utf8 */;
CREATE TABLE `activity` (
  `id` int(11) NOT NULL AUTO_INCREMENT,
  `create_timestamp` datetime NOT NULL,
  `created_by` varchar(255) NOT NULL,
  `last_modified_by` varchar(255) NOT NULL,
  `last_modified_timestamp` datetime NOT NULL,
  `description` varchar(255) DEFAULT NULL,
  `name` varchar(255) DEFAULT NULL,
  `status` int(11) DEFAULT NULL,
  `type_id` int(11) DEFAULT NULL,
  PRIMARY KEY (`id`),
  KEY `FK7l4mcncnm7e79vrhklj7tnuox` (`type_id`)
) ENGINE=MyISAM AUTO_INCREMENT=26 DEFAULT CHARSET=utf8;
/*!40101 SET character_set_client = @saved_cs_client */;

--
-- Dumping data for table `activity`
--

LOCK TABLES `activity` WRITE;
/*!40000 ALTER TABLE `activity` DISABLE KEYS */;
INSERT INTO `activity` VALUES (1,'2018-02-20 02:14:23','system','system','2018-02-20 02:14:23','RECAP / VOUCHING / DATA COLLECTION','RECAP / VOUCHING / DATA COLLECTION',NULL,1),(2,'2018-02-20 02:14:23','system','system','2018-02-20 02:14:23','FOTOCOPY / FILING','FOTOCOPY / FILING',NULL,1),(3,'2018-02-20 02:14:23','system','system','2018-02-20 02:14:23','REVIEWING / DATA PROCESSING / RECONCILIATION','REVIEWING / DATA PROCESSING / RECONCILIATION',NULL,1),(4,'2018-02-20 02:14:23','system','system','2018-02-20 02:14:23','TAX RETURN PREPARATION','TAX RETURN PREPARATION',NULL,1),(5,'2018-02-20 02:14:23','system','system','2018-02-20 02:14:23','SUBMITTING / REPORTING','SUBMITTING / REPORTING',NULL,1),(6,'2018-02-20 02:14:23','system','system','2018-02-20 02:14:23','EXTERNAL MEETING / DISCUSSION WITH CLIENT/GOI','EXTERNAL MEETING / DISCUSSION WITH CLIENT/GOI',NULL,1),(7,'2018-02-20 02:14:23','system','system','2018-02-20 02:14:23','INTERNAL MEETING / DISCUSSION','INTERNAL MEETING / DISCUSSION',NULL,1),(8,'2018-02-20 02:14:23','system','system','2018-02-20 02:14:23','WRITING / DRAFTING','WRITING / DRAFTING',NULL,1),(9,'2018-02-20 02:14:23','system','system','2018-02-20 02:14:23','CLOSING CONFERENCE / TAX COURT HEARING','CLOSING CONFERENCE / TAX COURT HEARING',NULL,1),(10,'2018-02-20 02:14:23','system','system','2018-02-20 02:14:23','RESEARCH / CASE STUDY','RESEARCH / CASE STUDY',NULL,1),(11,'2018-02-20 02:14:23','system','system','2018-02-20 02:14:23','SITE/FACTORY VISIT','SITE/FACTORY VISIT',NULL,1),(12,'2018-02-20 02:14:24','system','system','2018-02-20 02:14:24','TRAVELLING','TRAVELLING',NULL,1),(13,'2018-02-20 02:14:24','system','system','2018-02-20 02:14:24','OTHER','OTHER',NULL,1),(14,'2018-02-20 02:14:32','system','system','2018-02-20 02:14:32','SUPERVISION & ADMINISTRATION WORK ','SUPERVISION & ADMINISTRATION WORK ',NULL,2),(15,'2018-02-20 02:14:33','system','system','2018-02-20 02:14:33','JOB DEVELOPMENT','JOB DEVELOPMENT',NULL,2),(16,'2018-02-20 02:14:33','system','system','2018-02-20 02:14:33','PRACTICE DEVELOPMENT','PRACTICE DEVELOPMENT',NULL,2),(17,'2018-02-20 02:14:33','system','system','2018-02-20 02:14:33','TRAINING & EDUCATION ','TRAINING & EDUCATION ',NULL,2),(18,'2018-02-20 02:14:33','system','system','2018-02-20 02:14:33','INTERNAL MEETING','INTERNAL MEETING',NULL,2),(19,'2018-02-20 02:14:33','system','system','2018-02-20 02:14:33','OTHER','OTHER',NULL,2),(20,'2018-02-20 02:14:33','system','system','2018-02-20 02:14:33','UNASSIGNED TIME','UNASSIGNED TIME',NULL,3),(21,'2018-02-20 02:14:33','system','system','2018-02-20 02:14:33','SICK LEAVE','SICK LEAVE',NULL,3),(22,'2018-02-20 02:14:33','system','system','2018-02-20 02:14:33','PERSONAL LEAVE ','PERSONAL LEAVE ',NULL,3),(23,'2018-02-20 02:14:33','system','system','2018-02-20 02:14:33','PUBLIC HOLIDAY','PUBLIC HOLIDAY',NULL,3),(24,'2018-02-20 02:14:33','system','system','2018-02-20 02:14:33','APPROVED ABSENCE','APPROVED ABSENCE',NULL,3),(25,'2018-02-20 02:14:33','system','system','2018-02-20 02:14:33','OTHER','OTHER',NULL,3);
/*!40000 ALTER TABLE `activity` ENABLE KEYS */;
UNLOCK TABLES;

--
-- Table structure for table `activity_type`
--

DROP TABLE IF EXISTS `activity_type`;
/*!40101 SET @saved_cs_client     = @@character_set_client */;
/*!40101 SET character_set_client = utf8 */;
CREATE TABLE `activity_type` (
  `id` int(11) NOT NULL AUTO_INCREMENT,
  `create_timestamp` datetime NOT NULL,
  `created_by` varchar(255) NOT NULL,
  `last_modified_by` varchar(255) NOT NULL,
  `last_modified_timestamp` datetime NOT NULL,
  `description` varchar(255) DEFAULT NULL,
  `name` varchar(255) DEFAULT NULL,
  PRIMARY KEY (`id`)
) ENGINE=MyISAM AUTO_INCREMENT=4 DEFAULT CHARSET=utf8;
/*!40101 SET character_set_client = @saved_cs_client */;

--
-- Dumping data for table `activity_type`
--

LOCK TABLES `activity_type` WRITE;
/*!40000 ALTER TABLE `activity_type` DISABLE KEYS */;
INSERT INTO `activity_type` VALUES (1,'2018-02-20 02:14:12','system','system','2018-02-20 02:14:12','Client Chargeable Time Activity','CLIENT_CHARGEABLE_TIME'),(2,'2018-02-20 02:14:12','system','system','2018-02-20 02:14:12','Office Time Activity','OFFICE_TIME'),(3,'2018-02-20 02:14:13','system','system','2018-02-20 02:14:13','Non-Chargeable Time Activity','NON_CHARGEABLE_TIME');
/*!40000 ALTER TABLE `activity_type` ENABLE KEYS */;
UNLOCK TABLES;

--
-- Table structure for table `app_config`
--

DROP TABLE IF EXISTS `app_config`;
/*!40101 SET @saved_cs_client     = @@character_set_client */;
/*!40101 SET character_set_client = utf8 */;
CREATE TABLE `app_config` (
  `id` int(11) NOT NULL AUTO_INCREMENT,
  `create_timestamp` datetime NOT NULL,
  `created_by` varchar(255) NOT NULL,
  `last_modified_by` varchar(255) NOT NULL,
  `last_modified_timestamp` datetime NOT NULL,
  `is_flag` int(11) DEFAULT NULL,
  `name` varchar(255) NOT NULL,
  `value` varchar(255) DEFAULT NULL,
  PRIMARY KEY (`id`),
  UNIQUE KEY `UK_600cx4nfnglhx0pq9pitvpxun` (`name`),
  UNIQUE KEY `UK600cx4nfnglhx0pq9pitvpxun` (`name`)
) ENGINE=MyISAM AUTO_INCREMENT=11 DEFAULT CHARSET=utf8;
/*!40101 SET character_set_client = @saved_cs_client */;

--
-- Dumping data for table `app_config`
--

LOCK TABLES `app_config` WRITE;
/*!40000 ALTER TABLE `app_config` DISABLE KEYS */;
INSERT INTO `app_config` VALUES (1,'2018-02-20 09:12:58','system','system','2018-02-20 09:12:58',0,'ets.appconfig.maxworkhours','8'),(2,'2018-02-20 09:12:58','system','system','2018-02-20 09:12:58',0,'ets.appconfig.dateformat.long','dd/MM/yyyy HH:mm:ss'),(3,'2018-02-20 09:12:58','system','system','2018-02-20 09:12:58',0,'ets.appconfig.reloadinterval','5'),(4,'2018-02-20 09:12:58','system','system','2018-02-20 09:12:58',0,'ets.appconfig.regex.password','((?=.*\\d)(?=.*[a-zA-Z]).{8,})'),(5,'2018-02-20 09:12:58','system','system','2018-02-20 09:12:58',0,'ets.appconfig.regex.phoneno','\\d{10,12}'),(6,'2018-02-20 09:12:58','system','system','2018-02-20 09:12:58',1,'ets.appconfig.web.concurrentloginenabled','true'),(7,'2018-02-20 09:12:58','system','system','2018-02-20 09:12:58',0,'ets.appconfig.parser.csv.delimiter',';'),(8,'2018-02-20 09:12:58','system','system','2018-02-20 09:12:58',0,'ets.appconfig.parser.employeedata.dateformat','MM/dd/yyyy'),(9,'2018-02-20 09:12:58','system','system','2018-02-20 09:12:58',0,'ets.appconfig.web.landingpage','/sec/dashboard'),(10,'2018-02-20 09:12:58','system','system','2018-02-20 09:12:58',0,'ets.appconfig.dateformat.default','dd/MM/yyyy');
/*!40000 ALTER TABLE `app_config` ENABLE KEYS */;
UNLOCK TABLES;

--
-- Table structure for table `client`
--

DROP TABLE IF EXISTS `client`;
/*!40101 SET @saved_cs_client     = @@character_set_client */;
/*!40101 SET character_set_client = utf8 */;
CREATE TABLE `client` (
  `id` int(11) NOT NULL AUTO_INCREMENT,
  `create_timestamp` datetime NOT NULL,
  `created_by` varchar(255) NOT NULL,
  `last_modified_by` varchar(255) NOT NULL,
  `last_modified_timestamp` datetime NOT NULL,
  `address1` varchar(255) DEFAULT NULL,
  `address2` varchar(255) DEFAULT NULL,
  `code` varchar(20) DEFAULT NULL,
  `contact_person` varchar(255) DEFAULT NULL,
  `contact_person_no` varchar(255) DEFAULT NULL,
  `name` varchar(255) NOT NULL,
  `phone_no1` varchar(255) DEFAULT NULL,
  `phone_no2` varchar(255) DEFAULT NULL,
  `status` int(11) DEFAULT NULL,
  PRIMARY KEY (`id`),
  UNIQUE KEY `UKmjxc7a55xsadk5s0yqxq956tn` (`code`)
) ENGINE=MyISAM AUTO_INCREMENT=364 DEFAULT CHARSET=utf8;
/*!40101 SET character_set_client = @saved_cs_client */;

--
-- Dumping data for table `client`
--

LOCK TABLES `client` WRITE;
/*!40000 ALTER TABLE `client` DISABLE KEYS */;
INSERT INTO `client` VALUES (1,'2018-02-20 09:17:27','admin','admin','2018-02-20 09:17:27',NULL,NULL,'C001',NULL,NULL,'Bintan Vista PT',NULL,NULL,1),(2,'2018-02-20 09:17:27','admin','admin','2018-02-20 09:17:27',NULL,NULL,'C002',NULL,NULL,'Automotive Fasteners Aoyama Indonesia PT',NULL,NULL,1),(3,'2018-02-20 09:17:27','admin','admin','2018-02-20 09:17:27',NULL,NULL,'C003',NULL,NULL,'Danareksa Investment Management PT',NULL,NULL,1),(4,'2018-02-20 09:17:27','admin','admin','2018-02-20 09:17:27',NULL,NULL,'C004',NULL,NULL,'Elegant Textiles Industry PT',NULL,NULL,1),(5,'2018-02-20 09:17:27','admin','admin','2018-02-20 09:17:27',NULL,NULL,'C005',NULL,NULL,'PCM Kimia Indonesia PT',NULL,NULL,1),(6,'2018-02-20 09:17:27','admin','admin','2018-02-20 09:17:27',NULL,NULL,'C006',NULL,NULL,'Sumco Indonesia PT',NULL,NULL,1),(7,'2018-02-20 09:17:27','admin','admin','2018-02-20 09:17:27',NULL,NULL,'C007',NULL,NULL,'Adriwara Krida PT',NULL,NULL,1),(8,'2018-02-20 09:17:27','admin','admin','2018-02-20 09:17:27',NULL,NULL,'C008',NULL,NULL,'Havas Worldwide Jakarta PT',NULL,NULL,1),(9,'2018-02-20 09:17:27','admin','admin','2018-02-20 09:17:27',NULL,NULL,'C009',NULL,NULL,'Jafra Cosmetics Indonesia PT',NULL,NULL,1),(10,'2018-02-20 09:17:27','admin','admin','2018-02-20 09:17:27',NULL,NULL,'C010',NULL,NULL,'Luxasia Indonesia PT',NULL,NULL,1),(11,'2018-02-20 09:17:27','admin','admin','2018-02-20 09:17:27',NULL,NULL,'C011',NULL,NULL,'Alam Hijau Lestari PT',NULL,NULL,1),(12,'2018-02-20 09:17:27','admin','admin','2018-02-20 09:17:27',NULL,NULL,'C012',NULL,NULL,'Indonesia TRC Industry PT',NULL,NULL,1),(13,'2018-02-20 09:17:27','admin','admin','2018-02-20 09:17:27',NULL,NULL,'C013',NULL,NULL,'Fonterra Brands Manufacturing Indonesia PT',NULL,NULL,1),(14,'2018-02-20 09:17:27','admin','admin','2018-02-20 09:17:27',NULL,NULL,'C014',NULL,NULL,'Indonesia Power PT',NULL,NULL,1),(15,'2018-02-20 09:17:27','admin','admin','2018-02-20 09:17:27',NULL,NULL,'C015',NULL,NULL,'Nusantara Energy, Plc.',NULL,NULL,1),(16,'2018-02-20 09:17:27','admin','admin','2018-02-20 09:17:27',NULL,NULL,'C016',NULL,NULL,'Hansae Indonesia Utama PT',NULL,NULL,1),(17,'2018-02-20 09:17:27','admin','admin','2018-02-20 09:17:27',NULL,NULL,'C017',NULL,NULL,'Tiga Belas Entertainment PT',NULL,NULL,1),(18,'2018-02-20 09:17:27','admin','admin','2018-02-20 09:17:27',NULL,NULL,'C018',NULL,NULL,'Tirta Fresindo Jaya PT',NULL,NULL,1),(19,'2018-02-20 09:17:27','admin','admin','2018-02-20 09:17:27',NULL,NULL,'C019',NULL,NULL,'Inbisco Niagatama Semesta PT',NULL,NULL,1),(20,'2018-02-20 09:17:27','admin','admin','2018-02-20 09:17:27',NULL,NULL,'C020',NULL,NULL,'Dellifood Sentosa Corpindo PT',NULL,NULL,1),(21,'2018-02-20 09:17:27','admin','admin','2018-02-20 09:17:27',NULL,NULL,'C021',NULL,NULL,'Nutrindo Bogarasa PT',NULL,NULL,1),(22,'2018-02-20 09:17:27','admin','admin','2018-02-20 09:17:27',NULL,NULL,'C022',NULL,NULL,'Cipta Niaga Semesta PT',NULL,NULL,1),(23,'2018-02-20 09:17:27','admin','admin','2018-02-20 09:17:27',NULL,NULL,'C023',NULL,NULL,'Cipta Selaras Semesta PT',NULL,NULL,1),(24,'2018-02-20 09:17:27','admin','admin','2018-02-20 09:17:27',NULL,NULL,'C024',NULL,NULL,'Semesta Indah Permata PT',NULL,NULL,1),(25,'2018-02-20 09:17:27','admin','admin','2018-02-20 09:17:27',NULL,NULL,'C025',NULL,NULL,'Prima Sari Nusantara PT',NULL,NULL,1),(26,'2018-02-20 09:17:27','admin','admin','2018-02-20 09:17:27',NULL,NULL,'C026',NULL,NULL,'Mayora Groups',NULL,NULL,1),(27,'2018-02-20 09:17:27','admin','admin','2018-02-20 09:17:27',NULL,NULL,'C027',NULL,NULL,'Cataler Indonesia PT',NULL,NULL,1),(28,'2018-02-20 09:17:27','admin','admin','2018-02-20 09:17:27',NULL,NULL,'C028',NULL,NULL,'NEC Indonesia PT',NULL,NULL,1),(29,'2018-02-20 09:17:27','admin','admin','2018-02-20 09:17:27',NULL,NULL,'C029',NULL,NULL,'Crescent Technology Indonesia PT',NULL,NULL,1),(30,'2018-02-20 09:17:27','admin','admin','2018-02-20 09:17:27',NULL,NULL,'C030',NULL,NULL,'Sumber Indah Perkasa PT',NULL,NULL,1),(31,'2018-02-20 09:17:27','admin','admin','2018-02-20 09:17:27',NULL,NULL,'C031',NULL,NULL,'Adient Automotive Indonesia PT',NULL,NULL,1),(32,'2018-02-20 09:17:27','admin','admin','2018-02-20 09:17:27',NULL,NULL,'C032',NULL,NULL,'GTA Indonesia PT',NULL,NULL,1),(33,'2018-02-20 09:17:27','admin','admin','2018-02-20 09:17:27',NULL,NULL,'C033',NULL,NULL,'IOL Indonesia PT',NULL,NULL,1),(34,'2018-02-20 09:17:27','admin','admin','2018-02-20 09:17:27',NULL,NULL,'C034',NULL,NULL,'Saratoga Capital PT',NULL,NULL,1),(35,'2018-02-20 09:17:27','admin','admin','2018-02-20 09:17:27',NULL,NULL,'C035',NULL,NULL,'YTL Semen Indonesia PT',NULL,NULL,1),(36,'2018-02-20 09:17:27','admin','admin','2018-02-20 09:17:27',NULL,NULL,'C036',NULL,NULL,'Ericsson Indonesia PT',NULL,NULL,1),(37,'2018-02-20 09:17:27','admin','admin','2018-02-20 09:17:27',NULL,NULL,'C037',NULL,NULL,'Begawan Giri Estate PT',NULL,NULL,1),(38,'2018-02-20 09:17:28','admin','admin','2018-02-20 09:17:28',NULL,NULL,'C038',NULL,NULL,'Teltranet Aplikasi Solusi PT',NULL,NULL,1),(39,'2018-02-20 09:17:28','admin','admin','2018-02-20 09:17:28',NULL,NULL,'C039',NULL,NULL,'Bank Pembangunan Daerah Banten PT',NULL,NULL,1),(40,'2018-02-20 09:17:28','admin','admin','2018-02-20 09:17:28',NULL,NULL,'C040',NULL,NULL,'Orindo Alam Ayu PT',NULL,NULL,1),(41,'2018-02-20 09:17:28','admin','admin','2018-02-20 09:17:28',NULL,NULL,'C041',NULL,NULL,'Oriflame Cosmetics Indonesia PT',NULL,NULL,1),(42,'2018-02-20 09:17:28','admin','admin','2018-02-20 09:17:28',NULL,NULL,'C042',NULL,NULL,'CG Power System Indonesia PT',NULL,NULL,1),(43,'2018-02-20 09:17:28','admin','admin','2018-02-20 09:17:28',NULL,NULL,'C043',NULL,NULL,'Amec Foster Wheeler Indonesia PT',NULL,NULL,1),(44,'2018-02-20 09:17:28','admin','admin','2018-02-20 09:17:28',NULL,NULL,'C044',NULL,NULL,'Indonesia Plantation Synergy PT',NULL,NULL,1),(45,'2018-02-20 09:17:28','admin','admin','2018-02-20 09:17:28',NULL,NULL,'C045',NULL,NULL,'Global Industries Asia Pasific PT',NULL,NULL,1),(46,'2018-02-20 09:17:28','admin','admin','2018-02-20 09:17:28',NULL,NULL,'C046',NULL,NULL,'Ciboodle Indonesia PT',NULL,NULL,1),(47,'2018-02-20 09:17:28','admin','admin','2018-02-20 09:17:28',NULL,NULL,'C047',NULL,NULL,'Unita Branindo PT',NULL,NULL,1),(48,'2018-02-20 09:17:28','admin','admin','2018-02-20 09:17:28',NULL,NULL,'C048',NULL,NULL,'Nusantara Corpindo PT',NULL,NULL,1),(49,'2018-02-20 09:17:28','admin','admin','2018-02-20 09:17:28',NULL,NULL,'C049',NULL,NULL,'UA Indonesia Sourcing PT',NULL,NULL,1),(50,'2018-02-20 09:17:28','admin','admin','2018-02-20 09:17:28',NULL,NULL,'C050',NULL,NULL,'Alcatel Lucent Indonesia PT',NULL,NULL,1),(51,'2018-02-20 09:17:28','admin','admin','2018-02-20 09:17:28',NULL,NULL,'C051',NULL,NULL,'Redpath Indonesia PT',NULL,NULL,1),(52,'2018-02-20 09:17:28','admin','admin','2018-02-20 09:17:28',NULL,NULL,'C052',NULL,NULL,'Perfetti Van Melle Indonesia PT',NULL,NULL,1),(53,'2018-02-20 09:17:28','admin','admin','2018-02-20 09:17:28',NULL,NULL,'C053',NULL,NULL,'Ingenico International Indonesia PT',NULL,NULL,1),(54,'2018-02-20 09:17:28','admin','admin','2018-02-20 09:17:28',NULL,NULL,'C054',NULL,NULL,'Budimulia Penta Realti PT',NULL,NULL,1),(55,'2018-02-20 09:17:28','admin','admin','2018-02-20 09:17:28',NULL,NULL,'C055',NULL,NULL,'Komoditas Jaya Makmur PT',NULL,NULL,1),(56,'2018-02-20 09:17:28','admin','admin','2018-02-20 09:17:28',NULL,NULL,'C056',NULL,NULL,'Lava Textiles PT',NULL,NULL,1),(57,'2018-02-20 09:17:28','admin','admin','2018-02-20 09:17:28',NULL,NULL,'C057',NULL,NULL,'Singa Jaya Kapita PT',NULL,NULL,1),(58,'2018-02-20 09:17:28','admin','admin','2018-02-20 09:17:28',NULL,NULL,'C058',NULL,NULL,'Rio Tinto Indonesia PT',NULL,NULL,1),(59,'2018-02-20 09:17:28','admin','admin','2018-02-20 09:17:28',NULL,NULL,'C059',NULL,NULL,'FW O&G Indonesia PT',NULL,NULL,1),(60,'2018-02-20 09:17:28','admin','admin','2018-02-20 09:17:28',NULL,NULL,'C060',NULL,NULL,'Cosfra Interguna Jaya PT',NULL,NULL,1),(61,'2018-02-20 09:17:28','admin','admin','2018-02-20 09:17:28',NULL,NULL,'C061',NULL,NULL,'Strato Maritime Services, Pte Ltd BUT',NULL,NULL,1),(62,'2018-02-20 09:17:28','admin','admin','2018-02-20 09:17:28',NULL,NULL,'C062',NULL,NULL,'Sales Stock PT',NULL,NULL,1),(63,'2018-02-20 09:17:28','admin','admin','2018-02-20 09:17:28',NULL,NULL,'C063',NULL,NULL,'Kanishk Laroya',NULL,NULL,1),(64,'2018-02-20 09:17:28','admin','admin','2018-02-20 09:17:28',NULL,NULL,'C064',NULL,NULL,'Bank Pembangunan Jawa Barat dan Banten Tbk, PT',NULL,NULL,1),(65,'2018-02-20 09:17:28','admin','admin','2018-02-20 09:17:28',NULL,NULL,'C065',NULL,NULL,'Sentra Usahatama Jaya PT',NULL,NULL,1),(66,'2018-02-20 09:17:28','admin','admin','2018-02-20 09:17:28',NULL,NULL,'C066',NULL,NULL,'Mimaki Indonesia PT',NULL,NULL,1),(67,'2018-02-20 09:17:28','admin','admin','2018-02-20 09:17:28',NULL,NULL,'C067',NULL,NULL,'Peter Vroege',NULL,NULL,1),(68,'2018-02-20 09:17:28','admin','admin','2018-02-20 09:17:28',NULL,NULL,'C068',NULL,NULL,'Witteveen Bos Indonesia PT',NULL,NULL,1),(69,'2018-02-20 09:17:28','admin','admin','2018-02-20 09:17:28',NULL,NULL,'C069',NULL,NULL,'Bank of India PT',NULL,NULL,1),(70,'2018-02-20 09:17:28','admin','admin','2018-02-20 09:17:28',NULL,NULL,'C070',NULL,NULL,'Manajemen Unggul Lestari PT',NULL,NULL,1),(71,'2018-02-20 09:17:28','admin','admin','2018-02-20 09:17:28',NULL,NULL,'C071',NULL,NULL,'Stretchline Indonesia PT',NULL,NULL,1),(72,'2018-02-20 09:17:28','admin','admin','2018-02-20 09:17:28',NULL,NULL,'C072',NULL,NULL,'Akasanet Bumi Nusantara PT',NULL,NULL,1),(73,'2018-02-20 09:17:28','admin','admin','2018-02-20 09:17:28',NULL,NULL,'C073',NULL,NULL,'Mediatrac Sistem Komunikasi PT',NULL,NULL,1),(74,'2018-02-20 09:17:28','admin','admin','2018-02-20 09:17:28',NULL,NULL,'C074',NULL,NULL,'Milliman Indonesia PT',NULL,NULL,1),(75,'2018-02-20 09:17:28','admin','admin','2018-02-20 09:17:28',NULL,NULL,'C075',NULL,NULL,'Cisarua Mountain Diary PT',NULL,NULL,1),(76,'2018-02-20 09:17:28','admin','admin','2018-02-20 09:17:28',NULL,NULL,'C076',NULL,NULL,'Westcon Group PT',NULL,NULL,1),(77,'2018-02-20 09:17:28','admin','admin','2018-02-20 09:17:28',NULL,NULL,'C077',NULL,NULL,'Anggada Group',NULL,NULL,1),(78,'2018-02-20 09:17:28','admin','admin','2018-02-20 09:17:28',NULL,NULL,'C078',NULL,NULL,'Jeunesse Global PT',NULL,NULL,1),(79,'2018-02-20 09:17:28','admin','admin','2018-02-20 09:17:28',NULL,NULL,'C079',NULL,NULL,'Indah Jaya Textile Industry PT',NULL,NULL,1),(80,'2018-02-20 09:17:28','admin','admin','2018-02-20 09:17:28',NULL,NULL,'C080',NULL,NULL,'Persek Integral Business Solutions',NULL,NULL,1),(81,'2018-02-20 09:17:28','admin','admin','2018-02-20 09:17:28',NULL,NULL,'C081',NULL,NULL,'Minda Asean Automotive PT',NULL,NULL,1),(82,'2018-02-20 09:17:28','admin','admin','2018-02-20 09:17:28',NULL,NULL,'C082',NULL,NULL,'Unimax Engineering Mandiri PT',NULL,NULL,1),(83,'2018-02-20 09:17:28','admin','admin','2018-02-20 09:17:28',NULL,NULL,'C083',NULL,NULL,'Tereos FKS Indonesia PT',NULL,NULL,1),(84,'2018-02-20 09:17:28','admin','admin','2018-02-20 09:17:28',NULL,NULL,'C084',NULL,NULL,'Siam-Indo Concrete Products PT',NULL,NULL,1),(85,'2018-02-20 09:17:28','admin','admin','2018-02-20 09:17:28',NULL,NULL,'C085',NULL,NULL,'Siam-Indo Gypsum Industry PT',NULL,NULL,1),(86,'2018-02-20 09:17:28','admin','admin','2018-02-20 09:17:28',NULL,NULL,'C086',NULL,NULL,'M Class Industry PT',NULL,NULL,1),(87,'2018-02-20 09:17:28','admin','admin','2018-02-20 09:17:28',NULL,NULL,'C087',NULL,NULL,'Aditunggal Mahajaya PT',NULL,NULL,1),(88,'2018-02-20 09:17:28','admin','admin','2018-02-20 09:17:28',NULL,NULL,'C088',NULL,NULL,'Agrokarya Primalestari PT',NULL,NULL,1),(89,'2018-02-20 09:17:28','admin','admin','2018-02-20 09:17:28',NULL,NULL,'C089',NULL,NULL,'Agrolestari Mandiri PT',NULL,NULL,1),(90,'2018-02-20 09:17:28','admin','admin','2018-02-20 09:17:28',NULL,NULL,'C090',NULL,NULL,'Agrolestari Sentosa PT',NULL,NULL,1),(91,'2018-02-20 09:17:28','admin','admin','2018-02-20 09:17:28',NULL,NULL,'C091',NULL,NULL,'Bangun Nusa Mandiri PT',NULL,NULL,1),(92,'2018-02-20 09:17:28','admin','admin','2018-02-20 09:17:28',NULL,NULL,'C092',NULL,NULL,'Buana Adhitama PT',NULL,NULL,1),(93,'2018-02-20 09:17:28','admin','admin','2018-02-20 09:17:28',NULL,NULL,'C093',NULL,NULL,'Buana Artha Sejahtera PT',NULL,NULL,1),(94,'2018-02-20 09:17:29','admin','admin','2018-02-20 09:17:29',NULL,NULL,'C094',NULL,NULL,'Buana Wiralestari Mas PT',NULL,NULL,1),(95,'2018-02-20 09:17:29','admin','admin','2018-02-20 09:17:29',NULL,NULL,'C095',NULL,NULL,'Bumi Sawit Permai PT',NULL,NULL,1),(96,'2018-02-20 09:17:29','admin','admin','2018-02-20 09:17:29',NULL,NULL,'C096',NULL,NULL,'Bumipalma Lestaripersada PT',NULL,NULL,1),(97,'2018-02-20 09:17:29','admin','admin','2018-02-20 09:17:29',NULL,NULL,'C097',NULL,NULL,'Bumipermai Lestari PT',NULL,NULL,1),(98,'2018-02-20 09:17:29','admin','admin','2018-02-20 09:17:29',NULL,NULL,'C098',NULL,NULL,'Cahayanusa Gemilang PT',NULL,NULL,1),(99,'2018-02-20 09:17:29','admin','admin','2018-02-20 09:17:29',NULL,NULL,'C099',NULL,NULL,'Dami Mas Sejahtera PT',NULL,NULL,1),(100,'2018-02-20 09:17:29','admin','admin','2018-02-20 09:17:29',NULL,NULL,'C100',NULL,NULL,'Djuanda Sawit Lestari PT',NULL,NULL,1),(101,'2018-02-20 09:17:29','admin','admin','2018-02-20 09:17:29',NULL,NULL,'C101',NULL,NULL,'Forstalestari Dwikarya PT',NULL,NULL,1),(102,'2018-02-20 09:17:29','admin','admin','2018-02-20 09:17:29',NULL,NULL,'C102',NULL,NULL,'Ivomas Tunggal Lestari PT',NULL,NULL,1),(103,'2018-02-20 09:17:29','admin','admin','2018-02-20 09:17:29',NULL,NULL,'C103',NULL,NULL,'Kartika Prima Cipta PT',NULL,NULL,1),(104,'2018-02-20 09:17:29','admin','admin','2018-02-20 09:17:29',NULL,NULL,'C104',NULL,NULL,'Kencana Graha Permai PT',NULL,NULL,1),(105,'2018-02-20 09:17:29','admin','admin','2018-02-20 09:17:29',NULL,NULL,'C105',NULL,NULL,'Kresnda Duta Agoindo PT',NULL,NULL,1),(106,'2018-02-20 09:17:29','admin','admin','2018-02-20 09:17:29',NULL,NULL,'C106',NULL,NULL,'Leidong West Indonesia PT',NULL,NULL,1),(107,'2018-02-20 09:17:29','admin','admin','2018-02-20 09:17:29',NULL,NULL,'C107',NULL,NULL,'Meganusa Intisawit PT',NULL,NULL,1),(108,'2018-02-20 09:17:29','admin','admin','2018-02-20 09:17:29',NULL,NULL,'C108',NULL,NULL,'Mitrakarya Agroindo PT',NULL,NULL,1),(109,'2018-02-20 09:17:29','admin','admin','2018-02-20 09:17:29',NULL,NULL,'C109',NULL,NULL,'Palmindo Biliton Berjaya PT',NULL,NULL,1),(110,'2018-02-20 09:17:29','admin','admin','2018-02-20 09:17:29',NULL,NULL,'C110',NULL,NULL,'Paramita Internusa Pratama PT',NULL,NULL,1),(111,'2018-02-20 09:17:29','admin','admin','2018-02-20 09:17:29',NULL,NULL,'C111',NULL,NULL,'Persada Graha Mandiri PT',NULL,NULL,1),(112,'2018-02-20 09:17:29','admin','admin','2018-02-20 09:17:29',NULL,NULL,'C112',NULL,NULL,'Propertindo Prima PT',NULL,NULL,1),(113,'2018-02-20 09:17:29','admin','admin','2018-02-20 09:17:29',NULL,NULL,'C113',NULL,NULL,'Ramajaya Pramukti PT',NULL,NULL,1),(114,'2018-02-20 09:17:29','admin','admin','2018-02-20 09:17:29',NULL,NULL,'C114',NULL,NULL,'Satrindo Jaya Agropalma PT',NULL,NULL,1),(115,'2018-02-20 09:17:29','admin','admin','2018-02-20 09:17:29',NULL,NULL,'C115',NULL,NULL,'Satya Kisma Usaha PT',NULL,NULL,1),(116,'2018-02-20 09:17:29','admin','admin','2018-02-20 09:17:29',NULL,NULL,'C116',NULL,NULL,'Sawitkarya Manunggul PT',NULL,NULL,1),(117,'2018-02-20 09:17:29','admin','admin','2018-02-20 09:17:29',NULL,NULL,'C117',NULL,NULL,'Sinar Kencana Inti Perkasa PT',NULL,NULL,1),(118,'2018-02-20 09:17:29','admin','admin','2018-02-20 09:17:29',NULL,NULL,'C118',NULL,NULL,'Sinar Mas Super Air PT',NULL,NULL,1),(119,'2018-02-20 09:17:29','admin','admin','2018-02-20 09:17:29',NULL,NULL,'C119',NULL,NULL,'Sinarmas Distribusi Nusantara PT',NULL,NULL,1),(120,'2018-02-20 09:17:29','admin','admin','2018-02-20 09:17:29',NULL,NULL,'C120',NULL,NULL,'Soci Mas PT',NULL,NULL,1),(121,'2018-02-20 09:17:29','admin','admin','2018-02-20 09:17:29',NULL,NULL,'C121',NULL,NULL,'Swakarya Adhi Usaha PT',NULL,NULL,1),(122,'2018-02-20 09:17:29','admin','admin','2018-02-20 09:17:29',NULL,NULL,'C122',NULL,NULL,'Tapian Nandenggan PT',NULL,NULL,1),(123,'2018-02-20 09:17:29','admin','admin','2018-02-20 09:17:29',NULL,NULL,'C123',NULL,NULL,'Agropalma Sejahtera PT',NULL,NULL,1),(124,'2018-02-20 09:17:29','admin','admin','2018-02-20 09:17:29',NULL,NULL,'C124',NULL,NULL,'Binasawit Abadipratama PT',NULL,NULL,1),(125,'2018-02-20 09:17:29','admin','admin','2018-02-20 09:17:29',NULL,NULL,'C125',NULL,NULL,'Ivo Mas Tunggal PT',NULL,NULL,1),(126,'2018-02-20 09:17:29','admin','admin','2018-02-20 09:17:29',NULL,NULL,'C126',NULL,NULL,'Purimas Sasmita PT',NULL,NULL,1),(127,'2018-02-20 09:17:29','admin','admin','2018-02-20 09:17:29',NULL,NULL,'C127',NULL,NULL,'Sawit Mas Sejahtera PT',NULL,NULL,1),(128,'2018-02-20 09:17:29','admin','admin','2018-02-20 09:17:29',NULL,NULL,'C128',NULL,NULL,'SMART Tbk PT',NULL,NULL,1),(129,'2018-02-20 09:17:29','admin','admin','2018-02-20 09:17:29',NULL,NULL,'C129',NULL,NULL,'Minda Asean Automotive',NULL,NULL,1),(130,'2018-02-20 09:17:29','admin','admin','2018-02-20 09:17:29',NULL,NULL,'C130',NULL,NULL,'Sale Stock Indonesia ',NULL,NULL,1),(131,'2018-02-20 09:17:29','admin','admin','2018-02-20 09:17:29',NULL,NULL,'C131',NULL,NULL,'Minda Trading',NULL,NULL,1),(132,'2018-02-20 09:17:29','admin','admin','2018-02-20 09:17:29',NULL,NULL,'C132',NULL,NULL,'Cargill Indonesia',NULL,NULL,1),(133,'2018-02-20 09:17:29','admin','admin','2018-02-20 09:17:29',NULL,NULL,'C133',NULL,NULL,'Saranacentral Bajatama PT',NULL,NULL,1),(134,'2018-02-20 09:17:29','admin','admin','2018-02-20 09:17:29',NULL,NULL,'C134',NULL,NULL,'Sarana Steel PT',NULL,NULL,1),(135,'2018-02-20 09:17:29','admin','admin','2018-02-20 09:17:29',NULL,NULL,'C135',NULL,NULL,'Witteveen+Bos BUT',NULL,NULL,1),(136,'2018-02-20 09:17:29','admin','admin','2018-02-20 09:17:29',NULL,NULL,'C136',NULL,NULL,'Hutchison 3 Indonesia PT',NULL,NULL,1),(137,'2018-02-20 09:17:29','admin','admin','2018-02-20 09:17:29',NULL,NULL,'C137',NULL,NULL,'APM Armada S',NULL,NULL,1),(138,'2018-02-20 09:17:29','admin','admin','2018-02-20 09:17:29',NULL,NULL,'C138',NULL,NULL,'YTL Semen Indonesia',NULL,NULL,1),(139,'2018-02-20 09:17:29','admin','admin','2018-02-20 09:17:29',NULL,NULL,'C139',NULL,NULL,'Nokia Indonesia PT',NULL,NULL,1),(140,'2018-02-20 09:17:29','admin','admin','2018-02-20 09:17:29',NULL,NULL,'C140',NULL,NULL,'Isyana Sarasvati',NULL,NULL,1),(141,'2018-02-20 09:17:29','admin','admin','2018-02-20 09:17:29',NULL,NULL,'C141',NULL,NULL,'Oki Ramadhana',NULL,NULL,1),(142,'2018-02-20 09:17:29','admin','admin','2018-02-20 09:17:29',NULL,NULL,'C142',NULL,NULL,'Aero Systems Indonesia PT',NULL,NULL,1),(143,'2018-02-20 09:17:29','admin','admin','2018-02-20 09:17:29',NULL,NULL,'C143',NULL,NULL,'Freeport Indonesia PT',NULL,NULL,1),(144,'2018-02-20 09:17:29','admin','admin','2018-02-20 09:17:29',NULL,NULL,'C144',NULL,NULL,'Finrev Consulting',NULL,NULL,1),(145,'2018-02-20 09:17:29','admin','admin','2018-02-20 09:17:29',NULL,NULL,'C145',NULL,NULL,'Malindo Feedmill Tbk PT',NULL,NULL,1),(146,'2018-02-20 09:17:29','admin','admin','2018-02-20 09:17:29',NULL,NULL,'C146',NULL,NULL,'Reasuransi Indonesia Utama PT',NULL,NULL,1),(147,'2018-02-20 09:17:29','admin','admin','2018-02-20 09:17:29',NULL,NULL,'C147',NULL,NULL,'GTA Travel Services Indonesia PT',NULL,NULL,1),(148,'2018-02-20 09:17:29','admin','admin','2018-02-20 09:17:29',NULL,NULL,'C148',NULL,NULL,'United Tractors Pandu Engineering PT',NULL,NULL,1),(149,'2018-02-20 09:17:29','admin','admin','2018-02-20 09:17:29',NULL,NULL,'C149',NULL,NULL,'Adel Plantation & Industry',NULL,NULL,1),(150,'2018-02-20 09:17:29','admin','admin','2018-02-20 09:17:29',NULL,NULL,'C150',NULL,NULL,'Steelindo Wahana Perkasa',NULL,NULL,1),(151,'2018-02-20 09:17:29','admin','admin','2018-02-20 09:17:29',NULL,NULL,'C151',NULL,NULL,'Parit Semabada',NULL,NULL,1),(152,'2018-02-20 09:17:29','admin','admin','2018-02-20 09:17:29',NULL,NULL,'C152',NULL,NULL,'Agro Makmur Abadi',NULL,NULL,1),(153,'2018-02-20 09:17:29','admin','admin','2018-02-20 09:17:29',NULL,NULL,'C153',NULL,NULL,'Alam Karya Sejahtera',NULL,NULL,1),(154,'2018-02-20 09:17:29','admin','admin','2018-02-20 09:17:29',NULL,NULL,'C154',NULL,NULL,'KLK Agriservindo',NULL,NULL,1),(155,'2018-02-20 09:17:29','admin','admin','2018-02-20 09:17:29',NULL,NULL,'C155',NULL,NULL,'Hutan Hijau Mas',NULL,NULL,1),(156,'2018-02-20 09:17:29','admin','admin','2018-02-20 09:17:29',NULL,NULL,'C156',NULL,NULL,'Malindomas Perkebunan',NULL,NULL,1),(157,'2018-02-20 09:17:29','admin','admin','2018-02-20 09:17:29',NULL,NULL,'C157',NULL,NULL,'Satu Sembilan Delapan',NULL,NULL,1),(158,'2018-02-20 09:17:29','admin','admin','2018-02-20 09:17:29',NULL,NULL,'C158',NULL,NULL,'Jabontora Eka Karsa',NULL,NULL,1),(159,'2018-02-20 09:17:29','admin','admin','2018-02-20 09:17:29',NULL,NULL,'C159',NULL,NULL,'Anugrah Surya Mandiri',NULL,NULL,1),(160,'2018-02-20 09:17:29','admin','admin','2018-02-20 09:17:29',NULL,NULL,'C160',NULL,NULL,'Mulia Agro Permai',NULL,NULL,1),(161,'2018-02-20 09:17:29','admin','admin','2018-02-20 09:17:29',NULL,NULL,'C161',NULL,NULL,'Karya Makmur Abadi',NULL,NULL,1),(162,'2018-02-20 09:17:29','admin','admin','2018-02-20 09:17:29',NULL,NULL,'C162',NULL,NULL,'Menteng Jaya Sawit Perdana',NULL,NULL,1),(163,'2018-02-20 09:17:29','admin','admin','2018-02-20 09:17:29',NULL,NULL,'C163',NULL,NULL,'Langkat Nusantara Kepong',NULL,NULL,1),(164,'2018-02-20 09:17:29','admin','admin','2018-02-20 09:17:29',NULL,NULL,'C164',NULL,NULL,'Energy Equity Epic (Sengkang) Pty. Ltd.',NULL,NULL,1),(165,'2018-02-20 09:17:29','admin','admin','2018-02-20 09:17:29',NULL,NULL,'C165',NULL,NULL,'Hightech Indonesia PT',NULL,NULL,1),(166,'2018-02-20 09:17:29','admin','admin','2018-02-20 09:17:29',NULL,NULL,'C166',NULL,NULL,'Flexlink Systems PT',NULL,NULL,1),(167,'2018-02-20 09:17:29','admin','admin','2018-02-20 09:17:29',NULL,NULL,'C167',NULL,NULL,'Asuransi Jiwa TASPEN PT',NULL,NULL,1),(168,'2018-02-20 09:17:29','admin','admin','2018-02-20 09:17:29',NULL,NULL,'C168',NULL,NULL,'Harbin Electric International',NULL,NULL,1),(169,'2018-02-20 09:17:30','admin','admin','2018-02-20 09:17:30',NULL,NULL,'C169',NULL,NULL,'Distribusi Sentra Jaya PT',NULL,NULL,1),(170,'2018-02-20 09:17:30','admin','admin','2018-02-20 09:17:30',NULL,NULL,'C170',NULL,NULL,'Smart Telecom PT',NULL,NULL,1),(171,'2018-02-20 09:17:30','admin','admin','2018-02-20 09:17:30',NULL,NULL,'C171',NULL,NULL,'Smartfren Telecom Tbk PT',NULL,NULL,1),(172,'2018-02-20 09:17:30','admin','admin','2018-02-20 09:17:30',NULL,NULL,'C172',NULL,NULL,'Inti Tullett Prebon Indonesia PT',NULL,NULL,1),(173,'2018-02-20 09:17:30','admin','admin','2018-02-20 09:17:30',NULL,NULL,'C173',NULL,NULL,'Bibit Indonesia PT',NULL,NULL,1),(174,'2018-02-20 09:17:30','admin','admin','2018-02-20 09:17:30',NULL,NULL,'C174',NULL,NULL,'Feedmill Indonesia PT',NULL,NULL,1),(175,'2018-02-20 09:17:30','admin','admin','2018-02-20 09:17:30',NULL,NULL,'C175',NULL,NULL,'Leong Ayamsatu Primadona PT',NULL,NULL,1),(176,'2018-02-20 09:17:30','admin','admin','2018-02-20 09:17:30',NULL,NULL,'C176',NULL,NULL,'Malindo Food Delight PT',NULL,NULL,1),(177,'2018-02-20 09:17:30','admin','admin','2018-02-20 09:17:30',NULL,NULL,'C177',NULL,NULL,'Prima Fajar PT',NULL,NULL,1),(178,'2018-02-20 09:17:30','admin','admin','2018-02-20 09:17:30',NULL,NULL,'C178',NULL,NULL,'Quality Indonesia PT',NULL,NULL,1),(179,'2018-02-20 09:17:30','admin','admin','2018-02-20 09:17:30',NULL,NULL,'C179',NULL,NULL,'Sehat Cerah Indonesia PT',NULL,NULL,1),(180,'2018-02-20 09:17:30','admin','admin','2018-02-20 09:17:30',NULL,NULL,'C180',NULL,NULL,'Telur Indonesia PT',NULL,NULL,1),(181,'2018-02-20 09:17:30','admin','admin','2018-02-20 09:17:30',NULL,NULL,'C181',NULL,NULL,'MPG Indonesia PT',NULL,NULL,1),(182,'2018-02-20 09:17:30','admin','admin','2018-02-20 09:17:30',NULL,NULL,'C182',NULL,NULL,'DSG Surya Mas Indonesia',NULL,NULL,1),(183,'2018-02-20 09:17:30','admin','admin','2018-02-20 09:17:30',NULL,NULL,'C183',NULL,NULL,'Cataler Indonesia',NULL,NULL,1),(184,'2018-02-20 09:17:30','admin','admin','2018-02-20 09:17:30',NULL,NULL,'C184',NULL,NULL,'Tereos FKS Indonesia',NULL,NULL,1),(185,'2018-02-20 09:17:30','admin','admin','2018-02-20 09:17:30',NULL,NULL,'C185',NULL,NULL,'APM Auto Components Indonesia PT',NULL,NULL,1),(186,'2018-02-20 09:17:30','admin','admin','2018-02-20 09:17:30',NULL,NULL,'C186',NULL,NULL,'SMOE Indonesia',NULL,NULL,1),(187,'2018-02-20 09:17:30','admin','admin','2018-02-20 09:17:30',NULL,NULL,'C187',NULL,NULL,'Hagihara Westjava Industries',NULL,NULL,1),(188,'2018-02-20 09:17:30','admin','admin','2018-02-20 09:17:30',NULL,NULL,'C188',NULL,NULL,'AEL Indonesia',NULL,NULL,1),(189,'2018-02-20 09:17:30','admin','admin','2018-02-20 09:17:30',NULL,NULL,'C189',NULL,NULL,'Dian Swastika Sentosa Tbk',NULL,NULL,1),(190,'2018-02-20 09:17:30','admin','admin','2018-02-20 09:17:30',NULL,NULL,'C190',NULL,NULL,'Aksanet Bumi Nusantara',NULL,NULL,1),(191,'2018-02-20 09:17:30','admin','admin','2018-02-20 09:17:30',NULL,NULL,'C191',NULL,NULL,'Amec Foster Wheele Indonesia',NULL,NULL,1),(192,'2018-02-20 09:17:30','admin','admin','2018-02-20 09:17:30',NULL,NULL,'C192',NULL,NULL,'Asih Eka Abadi PT',NULL,NULL,1),(193,'2018-02-20 09:17:30','admin','admin','2018-02-20 09:17:30',NULL,NULL,'C193',NULL,NULL,'Mitsubishi UFJ Lease & Finance Indo',NULL,NULL,1),(194,'2018-02-20 09:17:30','admin','admin','2018-02-20 09:17:30',NULL,NULL,'C194',NULL,NULL,'Ingenico Indonesia PT',NULL,NULL,1),(195,'2018-02-20 09:17:30','admin','admin','2018-02-20 09:17:30',NULL,NULL,'C195',NULL,NULL,'Global Industries Asia Pacific PT',NULL,NULL,1),(196,'2018-02-20 09:17:30','admin','admin','2018-02-20 09:17:30',NULL,NULL,'C196',NULL,NULL,'Pardic Jaya Chemicals PT',NULL,NULL,1),(197,'2018-02-20 09:17:30','admin','admin','2018-02-20 09:17:30',NULL,NULL,'C197',NULL,NULL,'Citra Wahana Tirta Indonesia PT',NULL,NULL,1),(198,'2018-02-20 09:17:30','admin','admin','2018-02-20 09:17:30',NULL,NULL,'C198',NULL,NULL,'Seluler Global Net PT',NULL,NULL,1),(199,'2018-02-20 09:17:30','admin','admin','2018-02-20 09:17:30',NULL,NULL,'C199',NULL,NULL,'Sinergi Agro Industri PT',NULL,NULL,1),(200,'2018-02-20 09:17:30','admin','admin','2018-02-20 09:17:30',NULL,NULL,'C200',NULL,NULL,'MNC Group',NULL,NULL,1),(201,'2018-02-20 09:17:30','admin','admin','2018-02-20 09:17:30',NULL,NULL,'C201',NULL,NULL,'Tri Daya Esta PT',NULL,NULL,1),(202,'2018-02-20 09:17:30','admin','admin','2018-02-20 09:17:30',NULL,NULL,'C202',NULL,NULL,'Moninda Independen PT',NULL,NULL,1),(203,'2018-02-20 09:17:30','admin','admin','2018-02-20 09:17:30',NULL,NULL,'C203',NULL,NULL,'Tahitian Noni International Indonesia PT',NULL,NULL,1),(204,'2018-02-20 09:17:30','admin','admin','2018-02-20 09:17:30',NULL,NULL,'C204',NULL,NULL,'Aica Indonesia PT',NULL,NULL,1),(205,'2018-02-20 09:17:30','admin','admin','2018-02-20 09:17:30',NULL,NULL,'C205',NULL,NULL,'Scan Shipping Indonesia PT',NULL,NULL,1),(206,'2018-02-20 09:17:30','admin','admin','2018-02-20 09:17:30',NULL,NULL,'C206',NULL,NULL,'Hutchison 3 Indonesia',NULL,NULL,1),(207,'2018-02-20 09:17:30','admin','admin','2018-02-20 09:17:30',NULL,NULL,'C207',NULL,NULL,'RPC Indonesia PT',NULL,NULL,1),(208,'2018-02-20 09:17:30','admin','admin','2018-02-20 09:17:30',NULL,NULL,'C208',NULL,NULL,'Selular Media Infotama',NULL,NULL,1),(209,'2018-02-20 09:17:30','admin','admin','2018-02-20 09:17:30',NULL,NULL,'C209',NULL,NULL,'Westcon Solutions PT',NULL,NULL,1),(210,'2018-02-20 09:17:30','admin','admin','2018-02-20 09:17:30',NULL,NULL,'C210',NULL,NULL,'KEC International Ltd',NULL,NULL,1),(211,'2018-02-20 09:17:30','admin','admin','2018-02-20 09:17:30',NULL,NULL,'C211',NULL,NULL,'Unggul Indah Cahaya Tbk',NULL,NULL,1),(212,'2018-02-20 09:17:30','admin','admin','2018-02-20 09:17:30',NULL,NULL,'C212',NULL,NULL,'Bank Nusantara Parahyangan ',NULL,NULL,1),(213,'2018-02-20 09:17:30','admin','admin','2018-02-20 09:17:30',NULL,NULL,'C213',NULL,NULL,'LF Beauty Manufacturing Indo PT',NULL,NULL,1),(214,'2018-02-20 09:17:30','admin','admin','2018-02-20 09:17:30',NULL,NULL,'C214',NULL,NULL,'Expeditors Indonesia PT',NULL,NULL,1),(215,'2018-02-20 09:17:30','admin','admin','2018-02-20 09:17:30',NULL,NULL,'C215',NULL,NULL,'Artha Nusantara Resources Group',NULL,NULL,1),(216,'2018-02-20 09:17:30','admin','admin','2018-02-20 09:17:30',NULL,NULL,'C216',NULL,NULL,'APM Companies',NULL,NULL,1),(217,'2018-02-20 09:17:30','admin','admin','2018-02-20 09:17:30',NULL,NULL,'C217',NULL,NULL,'Sejahtera Indoco PT',NULL,NULL,1),(218,'2018-02-20 09:17:30','admin','admin','2018-02-20 09:17:30',NULL,NULL,'C218',NULL,NULL,'Aktio Equipment Indonesia PT',NULL,NULL,1),(219,'2018-02-20 09:17:30','admin','admin','2018-02-20 09:17:30',NULL,NULL,'C219',NULL,NULL,'Reach Network Services Indonesia PT',NULL,NULL,1),(220,'2018-02-20 09:17:30','admin','admin','2018-02-20 09:17:30',NULL,NULL,'C220',NULL,NULL,'Anugrah Mutu Bersama PT',NULL,NULL,1),(221,'2018-02-20 09:17:30','admin','admin','2018-02-20 09:17:30',NULL,NULL,'C221',NULL,NULL,'Sinar Mas Teladan PT',NULL,NULL,1),(222,'2018-02-20 09:17:30','admin','admin','2018-02-20 09:17:30',NULL,NULL,'C222',NULL,NULL,'Paraga Artamida',NULL,NULL,1),(223,'2018-02-20 09:17:30','admin','admin','2018-02-20 09:17:30',NULL,NULL,'C223',NULL,NULL,'Putradelta Lestrari Tbk',NULL,NULL,1),(224,'2018-02-20 09:17:30','admin','admin','2018-02-20 09:17:30',NULL,NULL,'C224',NULL,NULL,'Pembangunan Deltamas PT',NULL,NULL,1),(225,'2018-02-20 09:17:30','admin','admin','2018-02-20 09:17:30',NULL,NULL,'C225',NULL,NULL,'AEON Mall Sinarmas Land Indonesia',NULL,NULL,1),(226,'2018-02-20 09:17:30','admin','admin','2018-02-20 09:17:30',NULL,NULL,'C226',NULL,NULL,'BKS Binamaju Multikarsa',NULL,NULL,1),(227,'2018-02-20 09:17:30','admin','admin','2018-02-20 09:17:30',NULL,NULL,'C227',NULL,NULL,'Bumi Serpong Damai PT',NULL,NULL,1),(228,'2018-02-20 09:17:30','admin','admin','2018-02-20 09:17:30',NULL,NULL,'C228',NULL,NULL,'Duta Permai PT',NULL,NULL,1),(229,'2018-02-20 09:17:30','admin','admin','2018-02-20 09:17:30',NULL,NULL,'C229',NULL,NULL,'Indonesia International Expo PT',NULL,NULL,1),(230,'2018-02-20 09:17:30','admin','admin','2018-02-20 09:17:30',NULL,NULL,'C230',NULL,NULL,'Perwita Margasakti PT',NULL,NULL,1),(231,'2018-02-20 09:17:30','admin','admin','2018-02-20 09:17:30',NULL,NULL,'C231',NULL,NULL,'Prima Sehati PT',NULL,NULL,1),(232,'2018-02-20 09:17:30','admin','admin','2018-02-20 09:17:30',NULL,NULL,'C232',NULL,NULL,'Royal Oriental PT',NULL,NULL,1),(233,'2018-02-20 09:17:30','admin','admin','2018-02-20 09:17:30',NULL,NULL,'C233',NULL,NULL,'Technip Indonesia PT',NULL,NULL,1),(234,'2018-02-20 09:17:30','admin','admin','2018-02-20 09:17:30',NULL,NULL,'C234',NULL,NULL,'Wismilak Inti Makmur PT',NULL,NULL,1),(235,'2018-02-20 09:17:30','admin','admin','2018-02-20 09:17:30',NULL,NULL,'C235',NULL,NULL,'Gelora Djaja',NULL,NULL,1),(236,'2018-02-20 09:17:30','admin','admin','2018-02-20 09:17:30',NULL,NULL,'C236',NULL,NULL,'Gawih Jaya PT',NULL,NULL,1),(237,'2018-02-20 09:17:30','admin','admin','2018-02-20 09:17:30',NULL,NULL,'C237',NULL,NULL,'ISS Parking Management PT',NULL,NULL,1),(238,'2018-02-20 09:17:30','admin','admin','2018-02-20 09:17:30',NULL,NULL,'C238',NULL,NULL,'ISS Indonesia PT',NULL,NULL,1),(239,'2018-02-20 09:17:31','admin','admin','2018-02-20 09:17:31',NULL,NULL,'C239',NULL,NULL,'ISS Jasa Fasilitas PT',NULL,NULL,1),(240,'2018-02-20 09:17:31','admin','admin','2018-02-20 09:17:31',NULL,NULL,'C240',NULL,NULL,'ISS Facility Services PT',NULL,NULL,1),(241,'2018-02-20 09:17:31','admin','admin','2018-02-20 09:17:31',NULL,NULL,'C241',NULL,NULL,'Arkade Sejahtera PT',NULL,NULL,1),(242,'2018-02-20 09:17:31','admin','admin','2018-02-20 09:17:31',NULL,NULL,'C242',NULL,NULL,'Greenfields Indonesia PT',NULL,NULL,1),(243,'2018-02-20 09:17:31','admin','admin','2018-02-20 09:17:31',NULL,NULL,'C243',NULL,NULL,'Shambhala Payangan Indah PT',NULL,NULL,1),(244,'2018-02-20 09:17:31','admin','admin','2018-02-20 09:17:31',NULL,NULL,'C244',NULL,NULL,'Badak NGL PT',NULL,NULL,1),(245,'2018-02-20 09:17:31','admin','admin','2018-02-20 09:17:31',NULL,NULL,'C245',NULL,NULL,'Danareksa Sekuritas PT',NULL,NULL,1),(246,'2018-02-20 09:17:31','admin','admin','2018-02-20 09:17:31',NULL,NULL,'C246',NULL,NULL,'Sakai Road Machinery Indonesia PT',NULL,NULL,1),(247,'2018-02-20 09:17:31','admin','admin','2018-02-20 09:17:31',NULL,NULL,'C247',NULL,NULL,'Mitsuba Indonesia Pipe Parts',NULL,NULL,1),(248,'2018-02-20 09:17:31','admin','admin','2018-02-20 09:17:31',NULL,NULL,'C248',NULL,NULL,'KMK Global Sports',NULL,NULL,1),(249,'2018-02-20 09:17:31','admin','admin','2018-02-20 09:17:31',NULL,NULL,'C249',NULL,NULL,'GF Indonesia (Cancelled)',NULL,NULL,1),(250,'2018-02-20 09:17:31','admin','admin','2018-02-20 09:17:31',NULL,NULL,'C250',NULL,NULL,'HTM Indonesia',NULL,NULL,1),(251,'2018-02-20 09:17:31','admin','admin','2018-02-20 09:17:31',NULL,NULL,'C251',NULL,NULL,'Anugerah Mutu Bersama PT',NULL,NULL,1),(252,'2018-02-20 09:17:31','admin','admin','2018-02-20 09:17:31',NULL,NULL,'C252',NULL,NULL,'Aneka Inti Persada PT',NULL,NULL,1),(253,'2018-02-20 09:17:31','admin','admin','2018-02-20 09:17:31',NULL,NULL,'C253',NULL,NULL,'Kridatama Lancar PT',NULL,NULL,1),(254,'2018-02-20 09:17:31','admin','admin','2018-02-20 09:17:31',NULL,NULL,'C254',NULL,NULL,'Sajang Heulang PT',NULL,NULL,1),(255,'2018-02-20 09:17:31','admin','admin','2018-02-20 09:17:31',NULL,NULL,'C255',NULL,NULL,'Teguh Sampurna PT',NULL,NULL,1),(256,'2018-02-20 09:17:31','admin','admin','2018-02-20 09:17:31',NULL,NULL,'C256',NULL,NULL,'Tunggal Mitra Plantation PT',NULL,NULL,1),(257,'2018-02-20 09:17:31','admin','admin','2018-02-20 09:17:31',NULL,NULL,'C257',NULL,NULL,'Kerimas Group',NULL,NULL,1),(258,'2018-02-20 09:17:31','admin','admin','2018-02-20 09:17:31',NULL,NULL,'C258',NULL,NULL,'Villa Bukit Lestari PT',NULL,NULL,1),(259,'2018-02-20 09:17:31','admin','admin','2018-02-20 09:17:31',NULL,NULL,'C259',NULL,NULL,'Amman Mineral Nusa Tenggara PT',NULL,NULL,1),(260,'2018-02-20 09:17:31','admin','admin','2018-02-20 09:17:31',NULL,NULL,'C260',NULL,NULL,'Arun Natural Gas Liquefaction PT',NULL,NULL,1),(261,'2018-02-20 09:17:31','admin','admin','2018-02-20 09:17:31',NULL,NULL,'C261',NULL,NULL,'Petronas Chemicals Marketing PT',NULL,NULL,1),(262,'2018-02-20 09:17:31','admin','admin','2018-02-20 09:17:31',NULL,NULL,'C262',NULL,NULL,'LF Beauty Manufacturing Indonesia PT',NULL,NULL,1),(263,'2018-02-20 09:17:31','admin','admin','2018-02-20 09:17:31',NULL,NULL,'C263',NULL,NULL,'K Line Indonesia PT',NULL,NULL,1),(264,'2018-02-20 09:17:31','admin','admin','2018-02-20 09:17:31',NULL,NULL,'C264',NULL,NULL,'Pinehill Pasific Berhad PT',NULL,NULL,1),(265,'2018-02-20 09:17:31','admin','admin','2018-02-20 09:17:31',NULL,NULL,'C265',NULL,NULL,'Adyaeduka Dinamika (EF)',NULL,NULL,1),(266,'2018-02-20 09:17:31','admin','admin','2018-02-20 09:17:31',NULL,NULL,'C266',NULL,NULL,'Decathlon Sports Indonesia PT',NULL,NULL,1),(267,'2018-02-20 09:17:31','admin','admin','2018-02-20 09:17:31',NULL,NULL,'C267',NULL,NULL,'PZ Cusson Indonesia PT',NULL,NULL,1),(268,'2018-02-20 09:17:31','admin','admin','2018-02-20 09:17:31',NULL,NULL,'C268',NULL,NULL,'Powerindo Prima Perkasa PT',NULL,NULL,1),(269,'2018-02-20 09:17:31','admin','admin','2018-02-20 09:17:31',NULL,NULL,'C269',NULL,NULL,'Trafoindo Prima Perkasa PT',NULL,NULL,1),(270,'2018-02-20 09:17:31','admin','admin','2018-02-20 09:17:31',NULL,NULL,'C270',NULL,NULL,'Hagihara Westjava Industries PT',NULL,NULL,1),(271,'2018-02-20 09:17:31','admin','admin','2018-02-20 09:17:31',NULL,NULL,'C271',NULL,NULL,'Samora Usaha Makmur PT',NULL,NULL,1),(272,'2018-02-20 09:17:31','admin','admin','2018-02-20 09:17:31',NULL,NULL,'C272',NULL,NULL,'Sukses Mantap Sejahtera PT',NULL,NULL,1),(273,'2018-02-20 09:17:31','admin','admin','2018-02-20 09:17:31',NULL,NULL,'C273',NULL,NULL,'Maligi Permata Industrial Estate PT',NULL,NULL,1),(274,'2018-02-20 09:17:31','admin','admin','2018-02-20 09:17:31',NULL,NULL,'C274',NULL,NULL,'Karawang Tatabina Industrial Estate PT',NULL,NULL,1),(275,'2018-02-20 09:17:31','admin','admin','2018-02-20 09:17:31',NULL,NULL,'C275',NULL,NULL,'Harapan Anang Bakri & Sons PT',NULL,NULL,1),(276,'2018-02-20 09:17:31','admin','admin','2018-02-20 09:17:31',NULL,NULL,'C276',NULL,NULL,'Ingenico Payment Solutions PT',NULL,NULL,1),(277,'2018-02-20 09:17:31','admin','admin','2018-02-20 09:17:31',NULL,NULL,'C277',NULL,NULL,'Bank Pembangunan Daerah Banten, Tbk PT',NULL,NULL,1),(278,'2018-02-20 09:17:31','admin','admin','2018-02-20 09:17:31',NULL,NULL,'C278',NULL,NULL,'DSG Surya Mas Indonesia PT',NULL,NULL,1),(279,'2018-02-20 09:17:31','admin','admin','2018-02-20 09:17:31',NULL,NULL,'C279',NULL,NULL,'AEL Indonesia PT',NULL,NULL,1),(280,'2018-02-20 09:17:31','admin','admin','2018-02-20 09:17:31',NULL,NULL,'C280',NULL,NULL,'Bank Nusantara Parahyangan, Tbk PT',NULL,NULL,1),(281,'2018-02-20 09:17:31','admin','admin','2018-02-20 09:17:31',NULL,NULL,'C281',NULL,NULL,'BUT Deltares',NULL,NULL,1),(282,'2018-02-20 09:17:31','admin','admin','2018-02-20 09:17:31',NULL,NULL,'C282',NULL,NULL,'Duta Intidaya Tbk. PT',NULL,NULL,1),(283,'2018-02-20 09:17:31','admin','admin','2018-02-20 09:17:31',NULL,NULL,'C283',NULL,NULL,'Petronas Niaga Indonesia PT',NULL,NULL,1),(284,'2018-02-20 09:17:31','admin','admin','2018-02-20 09:17:31',NULL,NULL,'C284',NULL,NULL,'Mainspring Technology PT',NULL,NULL,1),(285,'2018-02-20 09:17:31','admin','admin','2018-02-20 09:17:31',NULL,NULL,'C285',NULL,NULL,'Japfa Comfeed Indonesia Tbk PT',NULL,NULL,1),(286,'2018-02-20 09:17:31','admin','admin','2018-02-20 09:17:31',NULL,NULL,'C286',NULL,NULL,'MCC Extraction Solutions PT',NULL,NULL,1),(287,'2018-02-20 09:17:31','admin','admin','2018-02-20 09:17:31',NULL,NULL,'C287',NULL,NULL,'Selular Media Infotama PT',NULL,NULL,1),(288,'2018-02-20 09:17:31','admin','admin','2018-02-20 09:17:31',NULL,NULL,'C288',NULL,NULL,'Data Intiguna Yasa PT',NULL,NULL,1),(289,'2018-02-20 09:17:31','admin','admin','2018-02-20 09:17:31',NULL,NULL,'C289',NULL,NULL,'Aditama Finance PT',NULL,NULL,1),(290,'2018-02-20 09:17:31','admin','admin','2018-02-20 09:17:31',NULL,NULL,'C290',NULL,NULL,'Bank Index Selindo PT',NULL,NULL,1),(291,'2018-02-20 09:17:31','admin','admin','2018-02-20 09:17:31',NULL,NULL,'C291',NULL,NULL,'Kazanah Indexindo PT',NULL,NULL,1),(292,'2018-02-20 09:17:31','admin','admin','2018-02-20 09:17:31',NULL,NULL,'C292',NULL,NULL,'Catur Global Logistik PT',NULL,NULL,1),(293,'2018-02-20 09:17:31','admin','admin','2018-02-20 09:17:31',NULL,NULL,'C293',NULL,NULL,'Catur Daya Manunggal PT',NULL,NULL,1),(294,'2018-02-20 09:17:31','admin','admin','2018-02-20 09:17:31',NULL,NULL,'C294',NULL,NULL,'Boltz Indonesia PT',NULL,NULL,1),(295,'2018-02-20 09:17:31','admin','admin','2018-02-20 09:17:31',NULL,NULL,'C295',NULL,NULL,'Fanuc Indonesia PT',NULL,NULL,1),(296,'2018-02-20 09:17:31','admin','admin','2018-02-20 09:17:31',NULL,NULL,'C296',NULL,NULL,'Trans Ocean Indonesia PT',NULL,NULL,1),(297,'2018-02-20 09:17:31','admin','admin','2018-02-20 09:17:31',NULL,NULL,'C297',NULL,NULL,'Lombok Apsana Bertani PT',NULL,NULL,1),(298,'2018-02-20 09:17:31','admin','admin','2018-02-20 09:17:31',NULL,NULL,'C298',NULL,NULL,'Chiyoda Industry Indonesia PT',NULL,NULL,1),(299,'2018-02-20 09:17:31','admin','admin','2018-02-20 09:17:31',NULL,NULL,'C299',NULL,NULL,'Newport Marine Services PT',NULL,NULL,1),(300,'2018-02-20 09:17:31','admin','admin','2018-02-20 09:17:31',NULL,NULL,'C300',NULL,NULL,'Ceragem Co. Ltd',NULL,NULL,1),(301,'2018-02-20 09:17:31','admin','admin','2018-02-20 09:17:31',NULL,NULL,'C301',NULL,NULL,'Winston Indonesia PT',NULL,NULL,1),(302,'2018-02-20 09:17:31','admin','admin','2018-02-20 09:17:31',NULL,NULL,'C302',NULL,NULL,'Isagenix Indonesia PT',NULL,NULL,1),(303,'2018-02-20 09:17:32','admin','admin','2018-02-20 09:17:32',NULL,NULL,'C303',NULL,NULL,'Mardec Siger Way Kanan PT',NULL,NULL,1),(304,'2018-02-20 09:17:32','admin','admin','2018-02-20 09:17:32',NULL,NULL,'C304',NULL,NULL,'Raja Abadi Makmur Sejati PT',NULL,NULL,1),(305,'2018-02-20 09:17:32','admin','admin','2018-02-20 09:17:32',NULL,NULL,'C305',NULL,NULL,'Danareksa Persero PT',NULL,NULL,1),(306,'2018-02-20 09:17:32','admin','admin','2018-02-20 09:17:32',NULL,NULL,'C306',NULL,NULL,'LF Beauty PT',NULL,NULL,1),(307,'2018-02-20 09:17:32','admin','admin','2018-02-20 09:17:32',NULL,NULL,'C307',NULL,NULL,'Hotel Sthala Ubud',NULL,NULL,1),(308,'2018-02-20 09:17:32','admin','admin','2018-02-20 09:17:32',NULL,NULL,'C308',NULL,NULL,'Ingenico Payment Soolution PT',NULL,NULL,1),(309,'2018-02-20 09:17:32','admin','admin','2018-02-20 09:17:32',NULL,NULL,'C309',NULL,NULL,'Fermentech Indonesia PT',NULL,NULL,1),(310,'2018-02-20 09:17:32','admin','admin','2018-02-20 09:17:32',NULL,NULL,'C310',NULL,NULL,'Premier Distribution PT',NULL,NULL,1),(311,'2018-02-20 09:17:32','admin','admin','2018-02-20 09:17:32',NULL,NULL,'C311',NULL,NULL,'Geoff Forrester Indonesia PT',NULL,NULL,1),(312,'2018-02-20 09:17:32','admin','admin','2018-02-20 09:17:32',NULL,NULL,'C312',NULL,NULL,'PETRONAS Chemicals Marketing Indonesia Representative Office',NULL,NULL,1),(313,'2018-02-20 09:17:32','admin','admin','2018-02-20 09:17:32',NULL,NULL,'C313',NULL,NULL,'Crondall Energy Consultants Pte Ltd ',NULL,NULL,1),(314,'2018-02-20 09:17:32','admin','admin','2018-02-20 09:17:32',NULL,NULL,'C314',NULL,NULL,'Minda Automotive Indonesia PT',NULL,NULL,1),(315,'2018-02-20 09:17:32','admin','admin','2018-02-20 09:17:32',NULL,NULL,'C315',NULL,NULL,'Kayu Lapis Indonesia PT',NULL,NULL,1),(316,'2018-02-20 09:17:32','admin','admin','2018-02-20 09:17:32',NULL,NULL,'C316',NULL,NULL,'Sukses Graha Samudra PT',NULL,NULL,1),(317,'2018-02-20 09:17:32','admin','admin','2018-02-20 09:17:32',NULL,NULL,'C317',NULL,NULL,'Visiland Dharma Sarana PT',NULL,NULL,1),(318,'2018-02-20 09:17:32','admin','admin','2018-02-20 09:17:32',NULL,NULL,'C318',NULL,NULL,'Nabire Bakti Mining PT',NULL,NULL,1),(319,'2018-02-20 09:17:32','admin','admin','2018-02-20 09:17:32',NULL,NULL,'C319',NULL,NULL,'Irja Eastern Minerals PT',NULL,NULL,1),(320,'2018-02-20 09:17:32','admin','admin','2018-02-20 09:17:32',NULL,NULL,'C320',NULL,NULL,'Nokia Solutions and Networks Indonesia PT',NULL,NULL,1),(321,'2018-02-20 09:17:32','admin','admin','2018-02-20 09:17:32',NULL,NULL,'C321',NULL,NULL,'Mitsubishi Motors Krama Yudha Indonesia PT',NULL,NULL,1),(322,'2018-02-20 09:17:32','admin','admin','2018-02-20 09:17:32',NULL,NULL,'C322',NULL,NULL,'Toyota Housing Indonesia PT',NULL,NULL,1),(323,'2018-02-20 09:17:32','admin','admin','2018-02-20 09:17:32',NULL,NULL,'C323',NULL,NULL,'CBC Indonesia PT',NULL,NULL,1),(324,'2018-02-20 09:17:32','admin','admin','2018-02-20 09:17:32',NULL,NULL,'C324',NULL,NULL,'Nusa Utama Engineering PT',NULL,NULL,1),(325,'2018-02-20 09:17:32','admin','admin','2018-02-20 09:17:32',NULL,NULL,'C325',NULL,NULL,'Phillips Seafoods Indonesia PT',NULL,NULL,1),(326,'2018-02-20 09:17:32','admin','admin','2018-02-20 09:17:32',NULL,NULL,'C326',NULL,NULL,'Premier Distribution',NULL,NULL,1),(327,'2018-02-20 09:17:32','admin','admin','2018-02-20 09:17:32',NULL,NULL,'C327',NULL,NULL,'Louis Vuitton Indonesia PT',NULL,NULL,1),(328,'2018-02-20 09:17:32','admin','admin','2018-02-20 09:17:32',NULL,NULL,'C328',NULL,NULL,'Sukses Graha Samudera',NULL,NULL,1),(329,'2018-02-20 09:17:32','admin','admin','2018-02-20 09:17:32',NULL,NULL,'C329',NULL,NULL,'PETRONAS Chemicals Marketing Sdn. Bhd.',NULL,NULL,1),(330,'2018-02-20 09:17:32','admin','admin','2018-02-20 09:17:32',NULL,NULL,'C330',NULL,NULL,'Indosat Tbk PT',NULL,NULL,1),(331,'2018-02-20 09:17:32','admin','admin','2018-02-20 09:17:32',NULL,NULL,'C331',NULL,NULL,'Lifung Indonesia PT',NULL,NULL,1),(332,'2018-02-20 09:17:32','admin','admin','2018-02-20 09:17:32',NULL,NULL,'C332',NULL,NULL,'Ingenico International Indonesia',NULL,NULL,1),(333,'2018-02-20 09:17:32','admin','admin','2018-02-20 09:17:32',NULL,NULL,'C333',NULL,NULL,'Minda Automotive Trading PT',NULL,NULL,1),(334,'2018-02-20 09:17:32','admin','admin','2018-02-20 09:17:32',NULL,NULL,'C334',NULL,NULL,'Hutchison 3 Indonsesia',NULL,NULL,1),(335,'2018-02-20 09:17:32','admin','admin','2018-02-20 09:17:32',NULL,NULL,'C335',NULL,NULL,'Decathlon Sport Indonesia PT',NULL,NULL,1),(336,'2018-02-20 09:17:32','admin','admin','2018-02-20 09:17:32',NULL,NULL,'C336',NULL,NULL,'Persek. Integral Business Solutions',NULL,NULL,1),(337,'2018-02-20 09:17:32','admin','admin','2018-02-20 09:17:32',NULL,NULL,'C337',NULL,NULL,'Johnson Controls Indonesia',NULL,NULL,1),(338,'2018-02-20 09:17:32','admin','admin','2018-02-20 09:17:32',NULL,NULL,'C338',NULL,NULL,'Alcatel Enkomindo PT',NULL,NULL,1),(339,'2018-02-20 09:17:32','admin','admin','2018-02-20 09:17:32',NULL,NULL,'C339',NULL,NULL,'Grundfos Pompa PT',NULL,NULL,1),(340,'2018-02-20 09:17:32','admin','admin','2018-02-20 09:17:32',NULL,NULL,'C340',NULL,NULL,'Capital Asset Management PT',NULL,NULL,1),(341,'2018-02-20 09:17:32','admin','admin','2018-02-20 09:17:32',NULL,NULL,'C341',NULL,NULL,'Bureau Veritas Indonesia PT',NULL,NULL,1),(342,'2018-02-20 09:17:32','admin','admin','2018-02-20 09:17:32',NULL,NULL,'C342',NULL,NULL,'Altus Logistic Services Indo PT',NULL,NULL,1),(343,'2018-02-20 09:17:32','admin','admin','2018-02-20 09:17:32',NULL,NULL,'C343',NULL,NULL,'National Oilwell Varco PT',NULL,NULL,1),(344,'2018-02-20 09:17:32','admin','admin','2018-02-20 09:17:32',NULL,NULL,'C344',NULL,NULL,'Phillips food Asia Co. Ltd',NULL,NULL,1),(345,'2018-02-20 09:17:32','admin','admin','2018-02-20 09:17:32',NULL,NULL,'C345',NULL,NULL,'RPX Center',NULL,NULL,1),(346,'2018-03-09 10:28:56','admin','admin','2018-03-09 10:28:56','Jalan Jend. Sudirman Kav. 48A, RT.5/RW.4, Karet Semanggi, Kota Jakarta Selatan, Daerah Khusus Ibukota Jakarta 12930',NULL,'346','08170151925','','Testing New Input PT','021 54218888','',1),(347,'2018-03-13 11:28:19','admin','admin','2018-03-13 11:28:19','Karet Sudirman Kav 84B Jakarta Selatan',NULL,'347','08170151925','0867 7968 8574','Test UAT PT','+62 21 889007','',1),(348,'2018-04-03 14:38:15','2014011','2014011','2018-04-03 14:38:15','Thamrin - Jakpus',NULL,'348','','','APICAL - Cemerlang Energi Perkasa','','',1),(349,'2018-04-03 14:58:59','2014011','2014011','2018-04-03 14:58:59','Thamrin - Jakpus',NULL,'349','','','APICAL - Asianagro Agung Jaya','','',1),(350,'2018-04-03 15:00:32','2014011','2014011','2018-04-03 15:00:32','Thamrin - Jakpus',NULL,'350','','','AAG - Pusaka Megah Bumi Nusantara','','',1),(351,'2018-04-03 15:00:56','2014011','2014011','2018-04-03 15:00:56','Thamrin - Jakpus',NULL,'351','','','AAG - Indo Sepadan Jaya','','',1),(352,'2018-04-03 15:01:44','2014011','2014011','2018-04-03 15:01:44','Thamrin - Jakpus',NULL,'352','','','AAG - Nusa Pusaka Kencana','','',1),(353,'2018-04-03 15:02:59','2014011','2014011','2018-04-03 15:02:59','Thamrin - Jakpus',NULL,'353','','','AAG - Andalas Intiagro Lestari','','',1),(354,'2018-04-03 15:04:17','2014011','2014011','2018-04-03 15:04:17','Thamrin - Jakpus',NULL,'354','','','AAG - Rantau Sinar Karsa','','',1),(355,'2018-04-03 15:05:00','2014011','2014011','2018-04-03 15:05:00','Thamrin - Jakpus',NULL,'355','','','Ibris Palm','','',1),(356,'2018-04-03 15:05:22','2014011','2014011','2018-04-03 15:05:22','Thamrin - Jakpus',NULL,'356','','','Delima Makmur','','',1),(357,'2018-04-03 15:13:15','2014011','2014011','2018-04-03 15:13:15','AXA Tower - Kuningan City',NULL,'357','','','Digital Solutions Indonesia','','',1),(358,'2018-04-03 15:30:56','2014011','2014011','2018-04-03 15:30:56','Penjaringan - Jakarta',NULL,'358','','','Nutrindo Joga Shima','','',1),(359,'2018-04-03 15:31:55','2014011','2014011','2018-04-03 15:31:55','Menara Jamsostek',NULL,'359','','','Pameran Niaga Indonesia','','',1),(360,'2018-04-03 15:35:39','2014011','2014011','2018-04-03 15:35:39','Plaza Asia - Jakarta',NULL,'360','','',' Rahayu and Partners (HFW)','','',1),(361,'2018-04-03 15:36:58','2014011','2014011','2018-04-03 15:36:58','Pantai Mutiara - Jakarta',NULL,'361','','','Simpson Marine Indonesia','','',1),(362,'2018-04-03 15:38:51','2014011','2014011','2018-04-03 15:38:51','The Plaza - Jakarta',NULL,'362','','','Inggris Prima Indonesia','','',1),(363,'2018-04-03 15:39:38','2014011','2014011','2018-04-03 15:39:38','The Plaza - Jakarta',NULL,'363','','','Ecom Consulting','','',1);
/*!40000 ALTER TABLE `client` ENABLE KEYS */;
UNLOCK TABLES;

--
-- Table structure for table `department`
--

DROP TABLE IF EXISTS `department`;
/*!40101 SET @saved_cs_client     = @@character_set_client */;
/*!40101 SET character_set_client = utf8 */;
CREATE TABLE `department` (
  `id` int(11) NOT NULL AUTO_INCREMENT,
  `create_timestamp` datetime NOT NULL,
  `created_by` varchar(255) NOT NULL,
  `last_modified_by` varchar(255) NOT NULL,
  `last_modified_timestamp` datetime NOT NULL,
  `code` varchar(255) NOT NULL,
  `name` varchar(255) DEFAULT NULL,
  PRIMARY KEY (`id`),
  UNIQUE KEY `UKq8ymhgj6pt1msox0o3bg51uvo` (`code`)
) ENGINE=MyISAM DEFAULT CHARSET=utf8;
/*!40101 SET character_set_client = @saved_cs_client */;

--
-- Dumping data for table `department`
--

LOCK TABLES `department` WRITE;
/*!40000 ALTER TABLE `department` DISABLE KEYS */;
/*!40000 ALTER TABLE `department` ENABLE KEYS */;
UNLOCK TABLES;

--
-- Table structure for table `employee`
--

DROP TABLE IF EXISTS `employee`;
/*!40101 SET @saved_cs_client     = @@character_set_client */;
/*!40101 SET character_set_client = utf8 */;
CREATE TABLE `employee` (
  `id` int(11) NOT NULL AUTO_INCREMENT,
  `create_timestamp` datetime NOT NULL,
  `created_by` varchar(255) NOT NULL,
  `last_modified_by` varchar(255) NOT NULL,
  `last_modified_timestamp` datetime NOT NULL,
  `address1` varchar(255) DEFAULT NULL,
  `address2` varchar(255) DEFAULT NULL,
  `app_credentials` varchar(255) DEFAULT NULL,
  `app_username` varchar(255) DEFAULT NULL,
  `dob` datetime DEFAULT NULL,
  `email_addr` varchar(255) DEFAULT NULL,
  `emp_id` varchar(255) DEFAULT NULL,
  `first_name` varchar(50) NOT NULL,
  `gender` int(11) DEFAULT NULL,
  `hired_date` datetime DEFAULT NULL,
  `last_name` varchar(50) DEFAULT NULL,
  `mobile_no1` varchar(255) DEFAULT NULL,
  `mobile_no2` varchar(20) DEFAULT NULL,
  `phone_no` varchar(255) DEFAULT NULL,
  `status` int(11) DEFAULT NULL,
  `visible` int(11) DEFAULT NULL,
  `role_id` int(11) DEFAULT NULL,
  PRIMARY KEY (`id`),
  UNIQUE KEY `UKp0qw73v7jwaff4dqc80hpfs9k` (`emp_id`),
  KEY `FK3046kvjyysq288vy3lsbtc9nw` (`role_id`)
) ENGINE=MyISAM AUTO_INCREMENT=68 DEFAULT CHARSET=utf8;
/*!40101 SET character_set_client = @saved_cs_client */;

--
-- Dumping data for table `employee`
--

LOCK TABLES `employee` WRITE;
/*!40000 ALTER TABLE `employee` DISABLE KEYS */;
INSERT INTO `employee` VALUES (1,'2018-02-20 02:14:02','system','system','2018-02-20 02:14:02',NULL,NULL,'cae076da34c83cfcbcccb44cba4693a6b37b60d9','admin',NULL,NULL,'admin','System',NULL,NULL,'Administrator',NULL,NULL,NULL,1,0,1),(2,'2018-02-20 09:16:53','admin','admin','2018-02-20 09:16:53','',NULL,'10c185b2f3d34f8041e67698c321d8aafc33bf89','2008002',NULL,'','2008002','Aditya',1,NULL,'Wicaksono','',NULL,'',1,1,17),(3,'2018-02-20 09:16:53','admin','admin','2018-02-20 09:16:53','',NULL,'4754bf5052ee1ace6a95c8942126345b0c8f1cb9','2008001',NULL,'','2008001','Agus',1,NULL,'Margiyono','',NULL,'',1,1,3),(4,'2018-02-20 09:16:53','admin','admin','2018-02-20 09:16:53','',NULL,'68e6d7d3c7a4c8e3a6b75a52e716e09921de7b68','2010001',NULL,'','2010001','Ahdianto',1,NULL,NULL,'',NULL,'',1,1,18),(5,'2018-02-20 09:16:53','admin','admin','2018-02-20 09:16:53','',NULL,'3112690cedaf8cf1a11f69b645db2c25e204e079','2018007',NULL,'','2018007','Ahmad',1,NULL,'Prosca','',NULL,'',1,1,4),(6,'2018-02-20 09:16:53','admin','admin','2018-02-20 09:16:53','',NULL,'e9f9714404985290ae7a0a93eeb3fe8672308b8b','2016008',NULL,'','2016008','Aji',1,NULL,'Darmawan','',NULL,'',1,1,5),(7,'2018-02-20 09:16:53','admin','admin','2018-02-20 09:16:53','',NULL,'157ddd6bdf311eeec9a501c5ada416456373e0be','2017003',NULL,'','2017003','Albertus',1,NULL,'Wahyu','',NULL,'',1,1,7),(8,'2018-02-20 09:16:53','admin','admin','2018-02-20 09:16:53','',NULL,'d6ce6e84b454435678e16db092f0107c39ac8d78','2017011',NULL,'','2017011','Aliefyana',1,NULL,'Nurul','',NULL,'',1,1,5),(9,'2018-02-20 09:16:53','admin','admin','2018-02-20 09:16:53','',NULL,'a52c712a3cbc0a62528655dca8679ecf86520169','2017008',NULL,'','2017008','Angela',1,NULL,'Sarayar','',NULL,'',1,1,5),(10,'2018-02-20 09:16:53','admin','admin','2018-02-20 09:16:53','',NULL,'02009e5c93b74009a4918c5f62c4fabbd0a61006','2018004',NULL,'','2018004','Ani',1,NULL,'Fatkhur','',NULL,'',1,1,2),(11,'2018-02-20 09:16:53','admin','admin','2018-02-20 09:16:53','',NULL,'49aae03bea0faab8764d1dde5e2e6df205307077','2017039',NULL,'','2017039','Arif',1,NULL,'Purnama','',NULL,'',1,1,4),(12,'2018-02-20 09:16:53','admin','admin','2018-02-20 09:16:53','',NULL,'749ec7e86eec3880c34e116e56d6e08c99527fd2','2014015',NULL,'','2014015','Arip',1,NULL,'Prastyo','',NULL,'',1,1,8),(13,'2018-02-20 09:16:53','admin','admin','2018-02-20 09:16:53','',NULL,'51aa629eba7123dd9ce54e0fcb5def8f294259df','2009001',NULL,'','2009001','Asep',1,NULL,'Amirudin','',NULL,'',1,1,3),(14,'2018-02-20 09:16:53','admin','admin','2018-02-20 09:16:53','',NULL,'6caa8b206cf453e1586dbc1545ad53fdad7455d9','2018008',NULL,'','2018008','Benedictus',1,NULL,'Adi','',NULL,'',1,1,4),(15,'2018-02-20 09:16:53','admin','admin','2018-02-20 09:16:53','',NULL,'b63d7d9ca1ffb6fc697c84faebbf529879f65eaa','2015031',NULL,'','2015031','Benjamin',1,NULL,'P','',NULL,'',1,1,17),(16,'2018-02-20 09:16:53','admin','2013013','2018-02-27 14:09:35','',NULL,'fdaf7d0932a5935ac2605996778886463c1bc84f','2013013',NULL,'','2013013','Charles',1,NULL,'Setia','',NULL,'',1,1,18),(17,'2018-02-20 09:16:53','admin','admin','2018-02-20 09:16:53','',NULL,'9a72e186843e796b8d7b322c13fbe1248a0a88e8','2015026',NULL,'','2015026','Danang',1,NULL,'Syailendra','',NULL,'',1,1,7),(18,'2018-02-20 09:16:53','admin','admin','2018-02-20 09:16:53','',NULL,'179be5d333ef00d30dcd6f38e4c7765de788aab5','2016015',NULL,'','2016015','Dewa',1,NULL,'Gede','',NULL,'',1,1,11),(19,'2018-02-20 09:16:53','admin','admin','2018-02-20 09:16:53','',NULL,'c5e265d089d64d9887491172983cdcf5dcac07a1','2010014',NULL,'','2010014','Dwipa',1,NULL,'Abimanyu','',NULL,'',1,1,16),(20,'2018-02-20 09:16:53','admin','admin','2018-02-20 09:16:53','',NULL,'b1a72161d24d8ff9dcb3b380479eeaa1266ae905','2014023',NULL,'','2014023','Egar',1,NULL,'Adipratama','',NULL,'',1,1,7),(21,'2018-02-20 09:16:53','admin','admin','2018-02-20 09:16:53','',NULL,'85fcfc2779a0bf829d5e120edb9970d6858490ac','2011005',NULL,'','2011005','Endy',1,NULL,'Arya','',NULL,'',1,1,18),(22,'2018-02-20 09:16:53','admin','admin','2018-02-20 09:16:53','',NULL,'f4d38848efc10f41bbe7efb212142baa0a63a140','2014011',NULL,'','2014011','Erviyanti',1,NULL,NULL,'',NULL,'',1,1,14),(23,'2018-02-20 09:16:53','admin','admin','2018-02-20 09:16:53','',NULL,'d85eebd18ae8fc5d2c126d8d21a78ea280f06f35','2014004',NULL,'','2014004','Fabian',1,NULL,'Abi','',NULL,'',1,1,17),(24,'2018-02-20 09:16:53','admin','admin','2018-02-20 09:16:53','',NULL,'75e0a5977d92ed970b39dfe336cb461e40388b00','2017024',NULL,'','2017024','Fadly',1,NULL,'Andana','',NULL,'',1,1,5),(25,'2018-02-20 09:16:53','admin','admin','2018-02-20 09:16:53','',NULL,'3792808b54defa2699ded3d84b5dfe8de7ac145c','2017012',NULL,'','2017012','Filip',1,NULL,'Gunawan','',NULL,'',1,1,5),(26,'2018-02-20 09:16:53','admin','admin','2018-02-20 09:16:53','',NULL,'3a5cd5ebfcce2186513905ddf0ae8ea1f5a05bef','2010002',NULL,'','2010002','Hartiadi',1,NULL,'Budi','',NULL,'',1,1,18),(27,'2018-02-20 09:16:53','admin','admin','2018-02-20 09:16:53','',NULL,'b7961ce6ec3a6531ab325caaf9973a03ca227060','2015013',NULL,'','2015013','Henry',1,NULL,'Meirantizar','',NULL,'',1,1,9),(28,'2018-02-20 09:16:53','admin','admin','2018-02-20 09:16:53','',NULL,'dab7accf6500b0e1e63c9cbcf48da0bb24f8b5b2','2015028',NULL,'','2015028','Herdina',1,NULL,'Krisnawati','',NULL,'',1,1,6),(29,'2018-02-20 09:16:53','admin','admin','2018-02-20 09:16:53','',NULL,'f2324ea3f7695df18970c1eed55ac9aa82080117','2009002',NULL,'','2009002','IDM',1,NULL,'Agung','',NULL,'',1,1,18),(30,'2018-02-20 09:16:53','admin','admin','2018-02-20 09:16:53','',NULL,'a42802e9f0137f85b28429e5c9b87fefcf0dbc78','2016018',NULL,'','2016018','Irma',1,NULL,'Batubara','',NULL,'',1,1,15),(31,'2018-02-20 09:16:53','admin','admin','2018-02-20 09:16:53','',NULL,'fb69228d36dc6d9e965048530da227272cfc6c96','2012008',NULL,'','2012008','Irsan',1,NULL,'Pratama','',NULL,'',1,1,11),(32,'2018-02-20 09:16:53','admin','admin','2018-02-20 09:16:53','',NULL,'67e8e2e444590123c2cfd678810b3017a91b4cdb','2012007',NULL,'','2012007','Jack',1,NULL,'David','',NULL,'',1,1,13),(33,'2018-02-20 09:16:53','admin','admin','2018-02-20 09:16:53','',NULL,'8e1c91e972fce2e3b2282e1f6fc1b3820ced5d85','2017042',NULL,'','2017042','Janetha',1,NULL,'Gunti','',NULL,'',1,1,6),(34,'2018-02-20 09:16:53','admin','admin','2018-02-20 09:16:53','',NULL,'76b0efcfdf9e9c454ca8c96988a736e150b9e122','2013003',NULL,'','2013003','Jeklira',1,NULL,'Tampubolon','',NULL,'',1,1,18),(35,'2018-02-20 09:16:53','admin','admin','2018-02-20 09:16:53','',NULL,'9c7e7b1c16c02c961bd6d83bed960813a8d93ede','2010009',NULL,'','2010009','Julius',1,NULL,'Wahyu','',NULL,'',1,1,17),(36,'2018-02-20 09:16:53','admin','admin','2018-02-20 09:16:53','',NULL,'023d347a8023f0c5b439cfb468fce00beaf54f00','2018002',NULL,'','2018002','Karina',1,NULL,'Kurniawan','',NULL,'',1,1,4),(37,'2018-02-20 09:16:53','admin','admin','2018-02-20 09:16:53','',NULL,'7e9b84c00e5b0963c4134b2a7f0221117b8bc8e9','2010005',NULL,'','2010005','Lyna',1,NULL,NULL,'',NULL,'',1,1,15),(38,'2018-02-20 09:16:53','admin','admin','2018-02-20 09:16:53','',NULL,'4c1f51beaa6d4ace7867f4705ef1cb25b5482f35','2017044',NULL,'','2017044','Martino',1,NULL,'Eka','',NULL,'',1,1,4),(39,'2018-02-20 09:16:53','admin','admin','2018-02-20 09:16:53','',NULL,'768bdd5640c1c834c83be2a83da6e71dc2eee98d','2015027',NULL,'','2015027','Meidillasari',1,NULL,NULL,'',NULL,'',1,1,7),(40,'2018-02-20 09:16:53','admin','admin','2018-02-20 09:16:53','',NULL,'b63c22e6538e4029f1731033f16555c236a52ca4','2014009',NULL,'','2014009','Muhamad',1,NULL,'Hafidin','',NULL,'',1,1,3),(41,'2018-02-20 09:16:53','admin','admin','2018-02-20 09:16:53','',NULL,'d6a255803d4b76ea6c7a7933b1f9f4a52bd2b379','2018005',NULL,'','2018005','Muhammad',1,NULL,'Aris','',NULL,'',1,1,2),(42,'2018-02-20 09:16:53','admin','admin','2018-02-20 09:16:53','',NULL,'d5a4a7473138304831910a43779a7c6deb077165','2015010',NULL,'','2015010','Muhammad',1,NULL,'Nur','',NULL,'',1,1,6),(43,'2018-02-20 09:16:53','admin','admin','2018-02-20 09:16:53','',NULL,'dc68d7967c417bd94ce7714adcf59373823e5c09','2014008',NULL,'','2014008','Nancy',1,NULL,'Woroantika','',NULL,'',1,1,8),(44,'2018-02-20 09:16:53','admin','admin','2018-02-20 09:16:53','',NULL,'20aacb10d00e05f804d4b6a4fec3b81d1b45d915','2012018',NULL,'','2012018','Nanda',1,NULL,'Atsatalada','',NULL,'',1,1,9),(45,'2018-02-20 09:16:53','admin','admin','2018-02-20 09:16:53','',NULL,'6787a75d733d020ee05d4bdb1294478735718d6a','2015033',NULL,'','2015033','Nigel',1,NULL,'Soetantjo','',NULL,'',1,1,6),(46,'2018-02-20 09:16:53','admin','admin','2018-02-20 09:16:53','',NULL,'5bef1830da3af01dafe1c20f4699fd9459a659fe','2014016',NULL,'','2014016','Nina',1,NULL,'Andriyana','',NULL,'',1,1,8),(47,'2018-02-20 09:16:53','admin','admin','2018-02-20 09:16:53','',NULL,'2a89bd0af0ded1c3e09df658b29ad4e72fd05012','2016004',NULL,'','2016004','Nuraeni',1,NULL,NULL,'',NULL,'',1,1,3),(48,'2018-02-20 09:16:53','admin','admin','2018-02-20 09:16:53','',NULL,'ada7ea68601b4916e61730e8d583976355640afe','2013014',NULL,'','2013014','Oki',1,NULL,'Sutanto','',NULL,'',1,1,9),(49,'2018-02-20 09:16:53','admin','admin','2018-02-20 09:16:53','',NULL,'8bb5098af34afa00bfdfc398ad8f9c2d7c3741e4','2011001',NULL,'','2011001','Pratiwi',1,NULL,'Setyaningrum','',NULL,'',1,1,11),(50,'2018-02-20 09:16:53','admin','admin','2018-02-20 09:16:53','',NULL,'3c94cc6dff7b04d584a339e44019c89f949935aa','2010003',NULL,'','2010003','Rahadianto',1,NULL,'Sudewo','',NULL,'',1,1,18),(51,'2018-02-20 09:16:53','admin','admin','2018-02-20 09:16:53','',NULL,'001adafeeaced6d1fda9c7e0c80d73f92c24f67f','2018009',NULL,'','2018009','Rahma',1,NULL,'Findria','',NULL,'',1,1,2),(52,'2018-02-20 09:16:53','admin','admin','2018-02-20 09:16:53','',NULL,'49d3aa3b3c2a55661151e8af45bb6efc1396eec1','2014019',NULL,'','2014019','Randy',1,NULL,NULL,'',NULL,'',1,1,8),(53,'2018-02-20 09:16:53','admin','admin','2018-02-20 09:16:53','',NULL,'e6cfb92cdd6229b4b12b9cb7f617f1974f1bdb59','2014014',NULL,'','2014014','Reza',1,NULL,'Farhan','',NULL,'',1,1,11),(54,'2018-02-20 09:16:53','admin','admin','2018-02-20 09:16:53','',NULL,'6ab694f277cf9b0bd473803dc98a55640c1db3b6','2017021',NULL,'','2017021','Romi',1,NULL,'Saputra','',NULL,'',1,1,5),(55,'2018-02-20 09:16:53','admin','admin','2018-02-20 09:16:53','',NULL,'dbe7409bf1a3643689437cf6d98c7a8df11cb534','2012017',NULL,'','2012017','Salicca',1,NULL,'Paramita','',NULL,'',1,1,5),(56,'2018-02-20 09:16:54','admin','admin','2018-02-20 09:16:54','',NULL,'ef44c81675aafd251371e4bc13f72c9c424ea100','2017014',NULL,'','2017014','Siti',1,NULL,'Ni\'mah','',NULL,'',1,1,11),(57,'2018-02-20 09:16:54','admin','admin','2018-02-20 09:16:54','',NULL,'b9ed5b74fc4ff3912ffef6b6e06b3d828a3ca834','2017027',NULL,'','2017027','Tarsudi',1,NULL,NULL,'',NULL,'',1,1,3),(58,'2018-02-20 09:16:54','admin','admin','2018-02-20 09:16:54','',NULL,'2e96f50ec4f6a28edea303846e7f630845e22d72','2013002',NULL,'','2013002','Tjut',1,NULL,'Naridha','',NULL,'',1,1,4),(59,'2018-02-20 09:16:54','admin','admin','2018-02-20 09:16:54','',NULL,'cad6030fa952f3931b445b65975b9a648575f626','2018003',NULL,'','2018003','Untung',1,NULL,'Budi','',NULL,'',1,1,7),(60,'2018-02-20 09:16:54','admin','admin','2018-02-20 09:16:54','',NULL,'9d6f3afd7304bd69e31d76c2f671ca3ba5c1a43a','2017034',NULL,'','2017034','Vera',1,NULL,'Desta','',NULL,'',1,1,2),(61,'2018-02-20 09:16:54','admin','admin','2018-02-20 09:16:54','',NULL,'f21350703d808d3844155443b7b67f2f3074949a','2013007',NULL,'','2013007','Welly',1,NULL,'Armantha','',NULL,'',1,1,16),(62,'2018-02-20 09:16:54','admin','admin','2018-02-20 09:16:54','',NULL,'72f586605a3122a2863cb90a04b4c7d7226d3e50','2016016',NULL,'','2016016','Wulan',1,NULL,'Octavia','',NULL,'',1,1,5),(63,'2018-02-20 09:16:54','admin','admin','2018-02-20 09:16:54','',NULL,'1652f7155d7faf82fec81b1ef09ce0164fb71fd9','2013001',NULL,'','2013001','Yoan',1,NULL,'Putra','',NULL,'',1,1,13),(64,'2018-02-20 09:16:54','admin','admin','2018-02-20 09:16:54','',NULL,'32d26507d12bb83ca0c21cafd013f82c0a3510e0','2018006',NULL,'','2018006','Yuda',1,NULL,'Rian','',NULL,'',1,1,2),(65,'2018-02-20 09:16:54','admin','admin','2018-02-20 09:16:54','',NULL,'ec0fa99f2a9dd58f767c0dae0d16d4b0cf797783','2012006',NULL,'','2012006','Yulia',1,NULL,'Natalia','',NULL,'',1,1,11),(66,'2018-02-27 14:19:58','admin','admin','2018-02-27 14:19:58','',NULL,'10d9fc9d011ae3f75ac2c81150ee3a12c25354f2','1234567',NULL,'','1234567','Test',1,'2018-02-26 00:00:00','Employee','',NULL,'',1,1,3),(67,'2018-03-23 11:34:32','2008002','2008002','2018-03-23 11:34:32','',NULL,'6059706bf87ce2f5df08efe4214f57d386133845','2030001',NULL,'','2030001','Sukijan',1,'2030-12-31 00:00:00','','',NULL,'',1,1,2);
/*!40000 ALTER TABLE `employee` ENABLE KEYS */;
UNLOCK TABLES;

--
-- Table structure for table `entity_seq_counter`
--

DROP TABLE IF EXISTS `entity_seq_counter`;
/*!40101 SET @saved_cs_client     = @@character_set_client */;
/*!40101 SET character_set_client = utf8 */;
CREATE TABLE `entity_seq_counter` (
  `id` int(11) NOT NULL AUTO_INCREMENT,
  `cycle` int(11) DEFAULT NULL,
  `entity_name` varchar(20) NOT NULL,
  `last_count` int(11) DEFAULT NULL,
  PRIMARY KEY (`id`),
  UNIQUE KEY `UKd8letl37x0n1j8uxer0b18rnm` (`entity_name`)
) ENGINE=MyISAM AUTO_INCREMENT=2 DEFAULT CHARSET=utf8;
/*!40101 SET character_set_client = @saved_cs_client */;

--
-- Dumping data for table `entity_seq_counter`
--

LOCK TABLES `entity_seq_counter` WRITE;
/*!40000 ALTER TABLE `entity_seq_counter` DISABLE KEYS */;
INSERT INTO `entity_seq_counter` VALUES (1,2018,'CLIENT',363);
/*!40000 ALTER TABLE `entity_seq_counter` ENABLE KEYS */;
UNLOCK TABLES;

--
-- Table structure for table `login_history`
--

DROP TABLE IF EXISTS `login_history`;
/*!40101 SET @saved_cs_client     = @@character_set_client */;
/*!40101 SET character_set_client = utf8 */;
CREATE TABLE `login_history` (
  `id` int(11) NOT NULL AUTO_INCREMENT,
  `create_timestamp` datetime NOT NULL,
  `created_by` varchar(255) NOT NULL,
  `last_modified_by` varchar(255) NOT NULL,
  `last_modified_timestamp` datetime NOT NULL,
  `app_id` varchar(255) DEFAULT NULL,
  `ip_addr` varchar(255) DEFAULT NULL,
  `login_time` datetime DEFAULT NULL,
  `logout_time` datetime DEFAULT NULL,
  `session_id` varchar(255) DEFAULT NULL,
  `user_id` varchar(20) NOT NULL,
  PRIMARY KEY (`id`),
  KEY `IDXlkq92yi8kw7dbvkfhm7i6ihf7` (`user_id`)
) ENGINE=MyISAM AUTO_INCREMENT=177 DEFAULT CHARSET=utf8;
/*!40101 SET character_set_client = @saved_cs_client */;

--
-- Dumping data for table `login_history`
--

LOCK TABLES `login_history` WRITE;
/*!40000 ALTER TABLE `login_history` DISABLE KEYS */;
INSERT INTO `login_history` VALUES (1,'2018-02-20 09:15:01','admin','system','2018-02-20 09:23:30','WEB_APP','118.136.115.0','2018-02-20 09:15:01','2018-02-20 09:23:30','E82368F374B1E7A09A05BB22ED9BE5A4.jvm1','admin'),(2,'2018-02-20 10:31:55','admin','admin','2018-02-20 10:31:55','WEB_APP','110.136.14.147','2018-02-20 10:31:55',NULL,'881110105F0C9B23A1E5AE395FDB1FE8.jvm1','admin'),(3,'2018-02-21 16:45:31','admin','admin','2018-02-21 16:45:31','WEB_APP','125.161.131.51','2018-02-21 16:45:30',NULL,'CCCB37974680490314F0847B23AF9D0D.jvm1','admin'),(4,'2018-02-21 16:45:41','admin','admin','2018-02-21 16:45:41','WEB_APP','125.161.131.51','2018-02-21 16:45:41',NULL,'E6718D3C88676DCCDA9810201ABE1C4B.jvm1','admin'),(5,'2018-02-21 16:50:58','admin','admin','2018-02-21 16:50:58','WEB_APP','202.169.43.133','2018-02-21 16:50:58',NULL,'AAC3C8BC92E05B2CD9E04F2FE18DBFCF.jvm1','admin'),(6,'2018-02-21 16:51:33','admin','admin','2018-02-21 16:51:33','WEB_APP','125.161.131.51','2018-02-21 16:51:33',NULL,'654E672B6389667D2F06E81DC04076A2.jvm1','admin'),(7,'2018-02-21 16:52:03','admin','admin','2018-02-21 16:52:03','WEB_APP','125.161.131.51','2018-02-21 16:52:03',NULL,'F424BA2E395111870C918CB63A302FF3.jvm1','admin'),(8,'2018-02-21 17:32:21','2013013','system','2018-02-21 17:35:02','WEB_APP','125.161.131.51','2018-02-21 17:32:21','2018-02-21 17:35:02','E6EF0407788521575ED2DCBFE6485ACD.jvm1','2013013'),(9,'2018-02-21 17:34:01','admin','admin','2018-02-21 17:34:01','WEB_APP','125.161.131.51','2018-02-21 17:34:01',NULL,'EA463A942E0FC5234EF486EF91D930D7.jvm1','admin'),(10,'2018-02-21 17:35:14','2015031','system','2018-02-21 17:36:13','WEB_APP','125.161.131.51','2018-02-21 17:35:14','2018-02-21 17:36:13','F3309F02627AAAD51673F1D421552707.jvm1','2015031'),(11,'2018-02-21 17:36:21','2014011','system','2018-02-21 18:12:15','WEB_APP','125.161.131.51','2018-02-21 17:36:21','2018-02-21 18:12:15','93BD39E7C25CB8C1398E0B8F9AEE342E.jvm1','2014011'),(12,'2018-02-21 18:12:49','2016008','2016008','2018-02-21 18:12:49','WEB_APP','125.161.131.51','2018-02-21 18:12:49',NULL,'592FAF2A9B1D16CD144DD430B6D4AF28.jvm1','2016008'),(13,'2018-02-22 10:40:42','admin','admin','2018-02-22 10:40:42','WEB_APP','36.88.46.115','2018-02-22 10:40:42',NULL,'B3B402B7F9CE03ECC0DF67ADF97FF808.jvm1','admin'),(14,'2018-02-22 10:54:54','2014011','system','2018-02-22 10:57:35','WEB_APP','36.88.46.115','2018-02-22 10:54:54','2018-02-22 10:57:35','132A0414B3759408CE7637D8707658DC.jvm1','2014011'),(15,'2018-02-22 10:57:42','2014011','2014011','2018-02-22 10:57:42','WEB_APP','36.88.46.115','2018-02-22 10:57:42',NULL,'F4E1D3504A1DE29399DFC60F52E01551.jvm1','2014011'),(16,'2018-02-22 11:47:13','admin','admin','2018-02-22 11:47:13','WEB_APP','125.161.129.58','2018-02-22 11:47:13',NULL,'BD9F99DDA502809D016C0551D074456F.jvm1','admin'),(17,'2018-02-22 11:47:20','admin','admin','2018-02-22 11:47:20','WEB_APP','125.161.129.58','2018-02-22 11:47:20',NULL,'2BB8CD40DF3ED90C2FB16B03ED52FC9B.jvm1','admin'),(18,'2018-02-22 11:48:10','admin','admin','2018-02-22 11:48:10','WEB_APP','125.161.129.58','2018-02-22 11:48:10',NULL,'E43488833AB608C593303614F4E51885.jvm1','admin'),(19,'2018-02-22 11:52:32','2016008','2016008','2018-02-22 11:52:32','WEB_APP','125.161.129.58','2018-02-22 11:52:32',NULL,'BCB15C8640545B4ADDE98E2F09853602.jvm1','2016008'),(20,'2018-02-22 11:52:51','2016008','2016008','2018-02-22 11:52:51','WEB_APP','125.161.129.58','2018-02-22 11:52:51',NULL,'48E33A9BF4EFC9BB5BC43E5B3E361C26.jvm1','2016008'),(21,'2018-02-22 11:53:00','2016008','2016008','2018-02-22 11:53:00','WEB_APP','125.161.129.58','2018-02-22 11:53:00',NULL,'57226495327548BA5BCD794EC7B7F2D8.jvm1','2016008'),(22,'2018-02-22 11:53:28','2016008','2016008','2018-02-22 11:53:28','WEB_APP','125.161.129.58','2018-02-22 11:53:28',NULL,'7169904EA7FA4AEB74205DD92D327200.jvm1','2016008'),(23,'2018-02-22 11:53:42','2016008','2016008','2018-02-22 11:53:42','WEB_APP','125.161.129.58','2018-02-22 11:53:42',NULL,'FEF35C08021C415D32C88E6D9228D15A.jvm1','2016008'),(24,'2018-02-22 11:54:39','2016008','2016008','2018-02-22 11:54:39','WEB_APP','125.161.129.58','2018-02-22 11:54:39',NULL,'84B83FABCD9CC796EF576AA36FA615B3.jvm1','2016008'),(25,'2018-02-22 11:55:09','2016008','2016008','2018-02-22 11:55:09','WEB_APP','125.161.129.58','2018-02-22 11:55:09',NULL,'A8D0FF69D91153B3A33F658E233EBBFD.jvm1','2016008'),(26,'2018-02-22 11:56:27','2016008','2016008','2018-02-22 11:56:27','WEB_APP','125.161.129.58','2018-02-22 11:56:27',NULL,'2D1045345FC17857AF7A63956ACB4D46.jvm1','2016008'),(27,'2018-02-22 11:56:36','2016008','2016008','2018-02-22 11:56:36','WEB_APP','125.161.129.58','2018-02-22 11:56:36',NULL,'D7CD41112397A8DE89E30C5425CED1F6.jvm1','2016008'),(28,'2018-02-22 11:57:47','2016008','2016008','2018-02-22 11:57:47','WEB_APP','125.161.129.58','2018-02-22 11:57:47',NULL,'7EC1048A79E2FFA9AE0900A800D596E1.jvm1','2016008'),(29,'2018-02-22 16:57:43','admin','admin','2018-02-22 16:57:43','WEB_APP','125.161.129.58','2018-02-22 16:57:43',NULL,'E04561B54749C663F778F679453991FF.jvm1','admin'),(30,'2018-02-22 16:58:09','2016008','system','2018-02-22 16:59:39','WEB_APP','125.161.129.58','2018-02-22 16:58:09','2018-02-22 16:59:39','23038BF1F1C2298FBA0ED5255B20E20A.jvm1','2016008'),(31,'2018-02-22 16:59:43','2015013','2015013','2018-02-22 16:59:43','WEB_APP','125.161.129.58','2018-02-22 16:59:43',NULL,'B302447A3896C4B1B2E8E478266BB79C.jvm1','2015013'),(32,'2018-02-23 21:56:18','admin','system','2018-02-23 21:59:29','WEB_APP','118.136.115.0','2018-02-23 21:56:15','2018-02-23 21:59:29','AE96C65DE833F3D191ED52D88C4514C3.jvm1','admin'),(33,'2018-02-26 11:14:21','admin','admin','2018-02-26 11:14:21','WEB_APP','202.169.43.133','2018-02-26 11:14:21',NULL,'38040597A316993C9441830087F958EE.jvm1','admin'),(34,'2018-02-26 11:22:28','2014004','2014004','2018-02-26 11:22:28','WEB_APP','202.169.43.133','2018-02-26 11:22:28',NULL,'7E7862A61F309D9165BE32E6993F3E23.jvm1','2014004'),(35,'2018-02-26 11:41:05','2014011','2014011','2018-02-26 11:41:05','WEB_APP','202.169.43.133','2018-02-26 11:41:05',NULL,'2C3C3E9C1F82B6ED9CE21C8E1697B25F.jvm1','2014011'),(36,'2018-02-26 13:57:08','admin','admin','2018-02-26 13:57:08','WEB_APP','36.88.38.43','2018-02-26 13:57:08',NULL,'DFDEC0244B2792A05B04AF690EE0E92A.jvm1','admin'),(37,'2018-02-26 13:57:47','2010001','2010001','2018-02-26 13:57:47','WEB_APP','36.88.38.43','2018-02-26 13:57:47',NULL,'1CF7DD3F2DB77FA00B876BA83347F6F9.jvm1','2010001'),(38,'2018-02-26 14:02:20','2015031','2015031','2018-02-26 14:02:20','WEB_APP','36.88.38.43','2018-02-26 14:02:20',NULL,'2BC8C4DFD395A29FFE2A956380E87FDF.jvm1','2015031'),(39,'2018-02-26 14:06:21','2012007','2012007','2018-02-26 14:06:21','WEB_APP','36.88.38.43','2018-02-26 14:06:20',NULL,'6EB4C2F548F36E6A077C7317DD0291BF.jvm1','2012007'),(40,'2018-02-26 18:17:24','2015013','2015013','2018-02-26 18:17:24','WEB_APP','36.88.38.43','2018-02-26 18:17:24',NULL,'7413E036ECC5A35C34F20E147BCA0650.jvm1','2015013'),(41,'2018-02-26 18:28:41','admin','admin','2018-02-26 18:28:41','WEB_APP','36.88.38.43','2018-02-26 18:28:41',NULL,'F371C285C2ECE2A104642C4CE43B54A0.jvm1','admin'),(42,'2018-02-26 19:27:31','2015013','2015013','2018-02-26 19:27:31','WEB_APP','36.88.38.43','2018-02-26 19:27:31',NULL,'0F650D5DA45259DBF79751E503FC725C.jvm1','2015013'),(43,'2018-02-27 10:02:16','admin','admin','2018-02-27 10:02:16','WEB_APP','36.88.38.43','2018-02-27 10:02:16',NULL,'F013A2B56D0DBE7EB7374C7360FC2D31.jvm1','admin'),(44,'2018-02-27 10:02:46','2015013','2015013','2018-02-27 10:02:46','WEB_APP','36.88.38.43','2018-02-27 10:02:46',NULL,'DB96AD6CE4CF30547F49E48A4F6C02E9.jvm1','2015013'),(45,'2018-02-27 10:49:16','admin','admin','2018-02-27 10:49:16','WEB_APP','36.88.38.43','2018-02-27 10:49:16',NULL,'81FB6CE794E5E1E2019681AD5B75A551.jvm1','admin'),(46,'2018-02-27 11:07:39','2010001','system','2018-02-27 11:30:04','WEB_APP','36.88.38.43','2018-02-27 11:07:39','2018-02-27 11:30:04','BC526C7D61A3A3FBC9A2106655687887.jvm1','2010001'),(47,'2018-02-27 11:31:05','2014023','system','2018-02-27 11:32:31','WEB_APP','36.88.38.43','2018-02-27 11:31:05','2018-02-27 11:32:31','9F8FF39ACA4AFA3A4A7D59098F66889A.jvm1','2014023'),(48,'2018-02-27 11:33:01','2014023','system','2018-02-27 11:37:16','WEB_APP','36.88.38.43','2018-02-27 11:33:01','2018-02-27 11:37:16','CF6F8D8673B4BDE4C28B4B0617F77601.jvm1','2014023'),(49,'2018-02-27 11:37:31','2013013','system','2018-02-27 11:43:19','WEB_APP','36.88.38.43','2018-02-27 11:37:30','2018-02-27 11:43:19','C477AB78644020001E0B3F667E3BE337.jvm1','2013013'),(50,'2018-02-27 11:43:24','2014023','2014023','2018-02-27 11:43:24','WEB_APP','36.88.38.43','2018-02-27 11:43:24',NULL,'5874D2B620A454D06F2E4B81334C9843.jvm1','2014023'),(51,'2018-02-27 13:05:06','admin','admin','2018-02-27 13:05:06','WEB_APP','36.88.38.43','2018-02-27 13:05:06',NULL,'7F103F9FED05F993710A578AAB2665DB.jvm1','admin'),(52,'2018-02-27 13:20:17','2013013','system','2018-02-27 13:37:27','WEB_APP','36.88.38.43','2018-02-27 13:20:17','2018-02-27 13:37:27','FAE6A38E7AF9D6E83035A25EBDCD5961.jvm1','2013013'),(53,'2018-02-27 13:37:39','2014011','system','2018-02-27 13:42:34','WEB_APP','36.88.38.43','2018-02-27 13:37:39','2018-02-27 13:42:34','4A848129736C4415F3E6171230413783.jvm1','2014011'),(54,'2018-02-27 13:42:49','2016016','system','2018-02-27 13:43:51','WEB_APP','36.88.38.43','2018-02-27 13:42:49','2018-02-27 13:43:51','9DC2F776ABBCE2BE6319E327CFE2489F.jvm1','2016016'),(55,'2018-02-27 13:44:17','2013013','system','2018-02-27 14:07:41','WEB_APP','36.88.38.43','2018-02-27 13:44:17','2018-02-27 14:07:41','8B8F95D0D003C4CC20C5287576DE2141.jvm1','2013013'),(56,'2018-02-27 14:09:01','2013013','system','2018-02-27 14:09:47','WEB_APP','36.88.38.43','2018-02-27 14:09:01','2018-02-27 14:09:47','572E363AEE7566738E2EC557E98594CE.jvm1','2013013'),(57,'2018-02-27 14:10:01','2013013','2013013','2018-02-27 14:10:01','WEB_APP','36.88.38.43','2018-02-27 14:10:01',NULL,'BA24075E9F50CA0C4C17BFBDC2881D87.jvm1','2013013'),(58,'2018-03-04 17:11:54','admin','system','2018-03-04 17:25:08','WEB_APP','118.136.115.0','2018-03-04 17:11:51','2018-03-04 17:25:08','2FE0BE5055722DA58E9556473C298380.jvm1','admin'),(59,'2018-03-06 14:18:27','admin','admin','2018-03-06 14:18:27','WEB_APP','110.138.191.38','2018-03-06 14:18:27',NULL,'A382E22578E68A622364D0E6DA9EC77E.jvm1','admin'),(60,'2018-03-06 14:20:54','2016008','2016008','2018-03-06 14:20:54','WEB_APP','110.138.191.38','2018-03-06 14:20:54',NULL,'D24BE9CF33008671C16518A6D6D2D0CC.jvm1','2016008'),(61,'2018-03-06 15:26:08','admin','admin','2018-03-06 15:26:08','WEB_APP','110.138.191.38','2018-03-06 15:26:07',NULL,'9E0A4C894671917AB3E6EDE0F94F927C.jvm1','admin'),(62,'2018-03-06 16:02:18','admin','admin','2018-03-06 16:02:18','WEB_APP','110.138.191.38','2018-03-06 16:02:18',NULL,'30DE5D9449D17938929FAB382CD674A2.jvm1','admin'),(63,'2018-03-06 17:03:40','2010001','system','2018-03-06 17:05:02','WEB_APP','110.138.191.38','2018-03-06 17:03:40','2018-03-06 17:05:01','713D7AFCB502769EEE042CA99190D7F4.jvm1','2010001'),(64,'2018-03-06 17:05:39','2012007','2012007','2018-03-06 17:05:39','WEB_APP','110.138.191.38','2018-03-06 17:05:39',NULL,'08E18FCFC2B12475FA2AC82524C01B57.jvm1','2012007'),(65,'2018-03-06 18:31:24','admin','admin','2018-03-06 18:31:24','WEB_APP','110.138.191.38','2018-03-06 18:31:24',NULL,'455DA23F49490784AEB1037E7AD44541.jvm1','admin'),(66,'2018-03-06 18:40:49','2012007','2012007','2018-03-06 18:40:49','WEB_APP','110.138.191.38','2018-03-06 18:40:49',NULL,'A06205E95DDDF751EC52B1751F1E19AD.jvm1','2012007'),(67,'2018-03-07 17:55:50','admin','system','2018-03-07 17:56:48','WEB_APP','110.138.191.38','2018-03-07 17:55:50','2018-03-07 17:56:48','C1E995816386CC09556AF8A80F14F7DD.jvm1','admin'),(68,'2018-03-07 17:56:56','2016008','system','2018-03-07 18:02:40','WEB_APP','110.138.191.38','2018-03-07 17:56:56','2018-03-07 18:02:40','8B78F62B9BF3D48F2D255BD2D9E4374F.jvm1','2016008'),(69,'2018-03-07 18:02:50','admin','system','2018-03-07 18:09:41','WEB_APP','110.138.191.38','2018-03-07 18:02:49','2018-03-07 18:09:40','3CC29B0B1236404DF7C96E031AC2CC2B.jvm1','admin'),(70,'2018-03-07 18:09:48','2016008','2016008','2018-03-07 18:09:48','WEB_APP','110.138.191.38','2018-03-07 18:09:48',NULL,'8666CCDC1B9FC82AFC773C744F430F23.jvm1','2016008'),(71,'2018-03-07 18:10:35','admin','admin','2018-03-07 18:10:35','WEB_APP','110.138.191.38','2018-03-07 18:10:35',NULL,'E220CB8519B23F4FEAB84FF2C784C926.jvm1','admin'),(72,'2018-03-08 14:44:09','admin','admin','2018-03-08 14:44:09','WEB_APP','125.161.130.85','2018-03-08 14:44:09',NULL,'95DC64DD4CBE8EFE933157B029EA81D6.jvm1','admin'),(73,'2018-03-08 15:35:56','admin','admin','2018-03-08 15:35:56','WEB_APP','125.161.130.85','2018-03-08 15:35:55',NULL,'F44F5C9B93287578A5392E102C028A5B.jvm1','admin'),(74,'2018-03-08 16:21:21','admin','admin','2018-03-08 16:21:21','WEB_APP','125.161.130.85','2018-03-08 16:21:21',NULL,'C7F98900E13FDC75DA1A07AE5BF3CA0C.jvm1','admin'),(75,'2018-03-08 17:12:30','admin','admin','2018-03-08 17:12:30','WEB_APP','112.215.235.113','2018-03-08 17:12:30',NULL,'6E765FEDA85FF231480CD8D23B8002EA.jvm1','admin'),(76,'2018-03-08 17:14:15','2017008','system','2018-03-08 17:16:22','WEB_APP','112.215.235.113','2018-03-08 17:14:14','2018-03-08 17:16:22','2B75F30A6DEF1C4828D3F489B058D4E2.jvm1','2017008'),(77,'2018-03-08 17:16:39','2014011','system','2018-03-08 17:22:24','WEB_APP','112.215.235.113','2018-03-08 17:16:39','2018-03-08 17:22:24','BCCB179B488661EFEEA3DDBF398C0BB5.jvm1','2014011'),(78,'2018-03-08 18:29:47','admin','system','2018-03-08 18:38:10','WEB_APP','125.161.130.85','2018-03-08 18:29:47','2018-03-08 18:38:10','BB765FB9EC6CEDE5A505F2915E9B42C9.jvm1','admin'),(79,'2018-03-08 18:38:19','2012007','system','2018-03-08 18:54:03','WEB_APP','125.161.130.85','2018-03-08 18:38:19','2018-03-08 18:54:03','F815A5BE384810376A9536C25FD5615C.jvm1','2012007'),(80,'2018-03-08 18:47:25','admin','system','2018-03-08 18:52:44','WEB_APP','125.161.130.85','2018-03-08 18:47:25','2018-03-08 18:52:44','D4536460951038D42355F1E5822DA777.jvm1','admin'),(81,'2018-03-08 18:52:52','2017039','2017039','2018-03-08 18:52:52','WEB_APP','125.161.130.85','2018-03-08 18:52:52',NULL,'8102CE5314CEEF491770F7B60640DF05.jvm1','2017039'),(82,'2018-03-08 18:54:12','admin','admin','2018-03-08 18:54:12','WEB_APP','125.161.130.85','2018-03-08 18:54:12',NULL,'73AD374EAB1C105940493CA58BB261CE.jvm1','admin'),(83,'2018-03-09 10:01:53','admin','admin','2018-03-09 10:01:53','WEB_APP','125.161.130.85','2018-03-09 10:01:53',NULL,'4C7383DA8B3BC0F98E684563C2C8F163.jvm1','admin'),(84,'2018-03-09 10:51:22','admin','admin','2018-03-09 10:51:22','WEB_APP','125.161.130.85','2018-03-09 10:51:22',NULL,'9DEA6E4611C7F91DA16FF136EBB869D3.jvm1','admin'),(85,'2018-03-09 10:56:38','2016008','2016008','2018-03-09 10:56:38','WEB_APP','125.161.130.85','2018-03-09 10:56:38',NULL,'740FABC89B22D2B04B6DBF4F4776697C.jvm1','2016008'),(86,'2018-03-09 11:49:05','admin','admin','2018-03-09 11:49:05','WEB_APP','125.161.130.85','2018-03-09 11:49:05',NULL,'F0DAD6C8A73B5D2E97E11EAEE9E794B3.jvm1','admin'),(87,'2018-03-09 12:32:46','admin','admin','2018-03-09 12:32:46','WEB_APP','202.169.43.133','2018-03-09 12:32:46',NULL,'BAB5CFB42135E48CAC69440990D4BAE7.jvm1','admin'),(88,'2018-03-09 14:59:14','admin','admin','2018-03-09 14:59:14','WEB_APP','125.161.130.85','2018-03-09 14:59:14',NULL,'494C825DAEB522D6A4CDC3D246A13B50.jvm1','admin'),(89,'2018-03-09 17:09:53','admin','admin','2018-03-09 17:09:53','WEB_APP','125.161.130.135','2018-03-09 17:09:53',NULL,'9A5DB2D445BD540405FD9915A374A752.jvm1','admin'),(90,'2018-03-09 17:12:20','2018007','2018007','2018-03-09 17:12:20','WEB_APP','125.161.130.135','2018-03-09 17:12:20',NULL,'17F127218E2B9B78D55FA5875EE7F65A.jvm1','2018007'),(91,'2018-03-09 18:35:14','admin','admin','2018-03-09 18:35:14','WEB_APP','125.161.130.135','2018-03-09 18:35:14',NULL,'2AA109B9851649B2D01CC7A5664BE486.jvm1','admin'),(92,'2018-03-13 11:25:24','admin','admin','2018-03-13 11:25:24','WEB_APP','112.215.239.180','2018-03-13 11:25:24',NULL,'DEA5204029CE8885E12BF3AB58BC3940.jvm1','admin'),(93,'2018-03-13 11:37:29','2012007','2012007','2018-03-13 11:37:29','WEB_APP','112.215.239.180','2018-03-13 11:37:29',NULL,'D8971CA384761257C72C5242439C42AA.jvm1','2012007'),(94,'2018-03-13 11:43:34','2016008','2016008','2018-03-13 11:43:34','WEB_APP','112.215.239.180','2018-03-13 11:43:34',NULL,'AE409FBF1C13D22E871CF7D0D7231AF1.jvm1','2016008'),(95,'2018-03-13 11:58:20','admin','admin','2018-03-13 11:58:20','WEB_APP','112.215.239.180','2018-03-13 11:58:20',NULL,'9CDBF0A7E510231B139F9C5DDF908265.jvm1','admin'),(96,'2018-03-13 14:52:47','admin','admin','2018-03-13 14:52:47','WEB_APP','125.161.128.67','2018-03-13 14:52:46',NULL,'E52C9427FB135BCC34F60C33353DAB34.jvm1','admin'),(97,'2018-03-13 14:57:44','2016008','2016008','2018-03-13 14:57:44','WEB_APP','125.161.128.67','2018-03-13 14:57:44',NULL,'177F513850881F95D122F70035E647EA.jvm1','2016008'),(98,'2018-03-13 15:03:52','admin','admin','2018-03-13 15:03:52','WEB_APP','125.161.128.67','2018-03-13 15:03:51',NULL,'7783B706E38149000427331A41F7F853.jvm1','admin'),(99,'2018-03-15 13:25:45','admin','system','2018-03-15 13:41:42','WEB_APP','114.124.182.15','2018-03-15 13:25:44','2018-03-15 13:41:42','6E63A3EACD50D623AA6A38CB9A254BCE.jvm1','admin'),(100,'2018-03-15 13:46:53','admin','system','2018-03-15 13:48:21','WEB_APP','114.124.149.147','2018-03-15 13:46:53','2018-03-15 13:48:20','5AA511F5346770AE2185A2DAF64A9E82.jvm1','admin'),(101,'2018-03-15 13:48:36','2018007','system','2018-03-15 13:59:22','WEB_APP','114.124.149.147','2018-03-15 13:48:36','2018-03-15 13:59:22','708D1519B3087C87417D4B5C38ACCDE3.jvm1','2018007'),(102,'2018-03-15 20:21:20','admin','admin','2018-03-15 20:21:20','WEB_APP','114.124.183.143','2018-03-15 20:21:20',NULL,'88ED4AE00836A88F110B3428BAF4C79D.jvm1','admin'),(103,'2018-03-16 17:09:55','admin','admin','2018-03-16 17:09:55','WEB_APP','125.161.128.158','2018-03-16 17:09:55',NULL,'430D00C663E84F7B2FA541FDDA0B9E7A.jvm1','admin'),(104,'2018-03-16 21:03:10','admin','admin','2018-03-16 21:03:10','WEB_APP','112.215.200.158','2018-03-16 21:03:10',NULL,'20988AB7387339447A5EF3366B0CE2A6.jvm1','admin'),(105,'2018-03-16 21:03:23','admin','admin','2018-03-16 21:03:23','WEB_APP','112.215.200.158','2018-03-16 21:03:23',NULL,'1BCA40038F806FA1299C8F774ECEB6CE.jvm1','admin'),(106,'2018-03-19 10:14:48','admin','system','2018-03-19 10:22:03','WEB_APP','125.161.128.115','2018-03-19 10:14:48','2018-03-19 10:22:03','6BD6C1736477C73F527A49F0F26F2EBD.jvm1','admin'),(107,'2018-03-19 10:24:33','admin','admin','2018-03-19 10:24:33','WEB_APP','125.161.128.115','2018-03-19 10:24:33',NULL,'143E4C4C57B92D60ABC70859FFEBCDE7.jvm1','admin'),(108,'2018-03-19 10:25:41','2018005','system','2018-03-19 10:31:36','WEB_APP','125.161.128.115','2018-03-19 10:25:41','2018-03-19 10:31:35','6C68659AB952744160CAC94CD7F082E8.jvm1','2018005'),(109,'2018-03-19 10:32:02','2016008','system','2018-03-19 10:56:10','WEB_APP','125.161.128.115','2018-03-19 10:32:01','2018-03-19 10:56:10','4CD77A1A465CA5BF406B839556B2E07D.jvm1','2016008'),(110,'2018-03-19 10:56:18','2014011','2014011','2018-03-19 10:56:18','WEB_APP','125.161.128.115','2018-03-19 10:56:18',NULL,'BD7811B3B5F15D64E0C3E49534F0B303.jvm1','2014011'),(111,'2018-03-19 11:02:09','admin','admin','2018-03-19 11:02:09','WEB_APP','36.69.83.101','2018-03-19 11:02:09',NULL,'48D61A533A8FADEE5811BB2B2238E2B7.jvm1','admin'),(112,'2018-03-19 13:55:10','2014011','2014011','2018-03-19 13:55:10','WEB_APP','125.161.128.115','2018-03-19 13:55:10',NULL,'9B17439347EA65060A6B8E58B34DCAE9.jvm1','2014011'),(113,'2018-03-19 14:56:11','2016008','2016008','2018-03-19 14:56:11','WEB_APP','36.69.83.101','2018-03-19 14:56:11',NULL,'BE2AE883D472E716E247A6B26689CDE2.jvm1','2016008'),(114,'2018-03-19 15:44:47','2016008','2016008','2018-03-19 15:44:47','WEB_APP','36.69.83.101','2018-03-19 15:44:47',NULL,'CAACCB2C737AB0F92A7CF2F697DD649F.jvm1','2016008'),(115,'2018-03-19 19:19:58','2016008','2016008','2018-03-19 19:19:58','WEB_APP','125.161.128.115','2018-03-19 19:19:58',NULL,'98A269E276570A0A05FAA352F21CFAEB.jvm1','2016008'),(116,'2018-03-19 21:26:23','admin','system','2018-03-19 21:26:40','WEB_APP','118.136.115.134','2018-03-19 21:26:23','2018-03-19 21:26:39','A8AF2857BD895E783B534DF4D97E5FFD.jvm1','admin'),(117,'2018-03-20 10:37:56','admin','system','2018-03-20 10:39:04','WEB_APP','118.136.115.134','2018-03-20 10:37:56','2018-03-20 10:39:04','39A07556D8EF9A1C42FAA7CD220EF60C.jvm1','admin'),(118,'2018-03-20 10:39:11','2016008','system','2018-03-20 10:41:16','WEB_APP','118.136.115.134','2018-03-20 10:39:11','2018-03-20 10:41:16','5F7EC7CF7912AD2F98E9ABC3FD6F101E.jvm1','2016008'),(119,'2018-03-20 10:50:35','admin','admin','2018-03-20 10:50:35','WEB_APP','125.161.128.211','2018-03-20 10:50:35',NULL,'C6D12F0D852919866CB85925CA394070.jvm1','admin'),(120,'2018-03-20 10:53:28','admin','system','2018-03-20 11:08:13','WEB_APP','118.136.115.134','2018-03-20 10:53:28','2018-03-20 11:08:13','D390AF2AF5BBF5A4A91F828A69974B42.jvm1','admin'),(121,'2018-03-20 11:05:14','2014011','system','2018-03-20 11:07:23','WEB_APP','125.161.128.211','2018-03-20 11:05:14','2018-03-20 11:07:23','273C0C87D125A7CD82C91627737F3217.jvm1','2014011'),(122,'2018-03-20 11:07:30','2016016','system','2018-03-20 11:08:21','WEB_APP','125.161.128.211','2018-03-20 11:07:30','2018-03-20 11:08:21','B3FBEDD1365F78C001DA43F271FAC9E1.jvm1','2016016'),(123,'2018-03-20 11:08:27','admin','system','2018-03-20 11:08:45','WEB_APP','118.136.115.134','2018-03-20 11:08:27','2018-03-20 11:08:44','8D0B5259AEBA95081C4B5260B43E909A.jvm1','admin'),(124,'2018-03-20 11:08:51','2016008','2016008','2018-03-20 11:08:51','WEB_APP','118.136.115.134','2018-03-20 11:08:51',NULL,'40352DA544D41E306E2045D6C226533A.jvm1','2016008'),(125,'2018-03-20 11:08:55','2014011','2014011','2018-03-20 11:08:55','WEB_APP','125.161.128.211','2018-03-20 11:08:55',NULL,'875289367450AF3EC4D47761A0E56407.jvm1','2014011'),(126,'2018-03-20 14:04:15','admin','admin','2018-03-20 14:04:15','WEB_APP','125.161.128.211','2018-03-20 14:04:15',NULL,'224532A5E8705AB5A2C641980979CB57.jvm1','admin'),(127,'2018-03-20 14:36:15','admin','admin','2018-03-20 14:36:15','WEB_APP','125.161.128.211','2018-03-20 14:36:14',NULL,'E10A06CDA0A7E1D29EEB4BCB9A1E8AEE.jvm1','admin'),(128,'2018-03-20 15:53:03','admin','admin','2018-03-20 15:53:03','WEB_APP','125.161.128.211','2018-03-20 15:53:03',NULL,'3806D45E8CFA2FE050131B036EFC3627.jvm1','admin'),(129,'2018-03-20 16:44:31','admin','admin','2018-03-20 16:44:31','WEB_APP','125.161.128.211','2018-03-20 16:44:30',NULL,'6A05F3B454DFDDBE89516DA16D2E191E.jvm1','admin'),(130,'2018-03-20 17:25:49','admin','admin','2018-03-20 17:25:49','WEB_APP','125.161.128.211','2018-03-20 17:25:49',NULL,'BDF99B20368EEECE8497DDC2F3E9D2B2.jvm1','admin'),(131,'2018-03-20 18:51:49','admin','admin','2018-03-20 18:51:49','WEB_APP','125.161.128.211','2018-03-20 18:51:48',NULL,'31116A9E1E45C98204BBBE5FE3E55B62.jvm1','admin'),(132,'2018-03-21 10:48:24','admin','admin','2018-03-21 10:48:24','WEB_APP','125.161.128.81','2018-03-21 10:48:23',NULL,'17D893FC3189A99B9FCB761AF17AAA57.jvm1','admin'),(133,'2018-03-22 10:12:51','admin','admin','2018-03-22 10:12:51','WEB_APP','125.161.128.18','2018-03-22 10:12:51',NULL,'5409FFAA780B6D99CF5197494589F506.jvm1','admin'),(134,'2018-03-23 10:29:28','admin','admin','2018-03-23 10:29:28','WEB_APP','112.215.201.116','2018-03-23 10:29:28',NULL,'CF0AC3E53F3499B1E9C2BF115ED37F11.jvm1','admin'),(135,'2018-03-23 10:58:10','2017003','2017003','2018-03-23 10:58:10','WEB_APP','202.169.43.133','2018-03-23 10:58:10',NULL,'E3FF742EA43BF0F862798DEAAC26C451.jvm1','2017003'),(136,'2018-03-23 10:58:13','2014023','2014023','2018-03-23 10:58:13','WEB_APP','112.215.152.118','2018-03-23 10:58:11',NULL,'DBE4A01F45680360BD947E5BF25C7796.jvm1','2014023'),(137,'2018-03-23 10:58:16','2012017','2012017','2018-03-23 10:58:16','WEB_APP','36.69.83.101','2018-03-23 10:58:15',NULL,'331B245D4D3BDF7C8DE7E4ADA255E3C2.jvm1','2012017'),(138,'2018-03-23 10:58:18','2014016','2014016','2018-03-23 10:58:18','WEB_APP','112.215.238.251','2018-03-23 10:58:18',NULL,'C8C994CD92E1D5F27FEF8726255CDC56.jvm1','2014016'),(139,'2018-03-23 10:58:21','2014011','2014011','2018-03-23 10:58:21','WEB_APP','141.0.8.32','2018-03-23 10:58:18',NULL,'73B837D96A1AC2BF7CD2DDD7C7FA4B2C.jvm1','2014011'),(140,'2018-03-23 10:58:21','2013014','2013014','2018-03-23 10:58:21','WEB_APP','112.215.152.215','2018-03-23 10:58:21',NULL,'6EB9313FDCCDD99490156A0A5C63DF1B.jvm1','2013014'),(141,'2018-03-23 10:58:27','2017003','2017003','2018-03-23 10:58:27','WEB_APP','114.124.214.10','2018-03-23 10:58:27',NULL,'9A7C343D67877455E34AB17088CD853B.jvm1','2017003'),(142,'2018-03-23 10:58:27','2015033','2015033','2018-03-23 10:58:27','WEB_APP','202.169.43.133','2018-03-23 10:58:27',NULL,'B46938405A41552DC88E9409A1A01E03.jvm1','2015033'),(143,'2018-03-23 10:58:31','2017024','2017024','2018-03-23 10:58:31','WEB_APP','202.169.43.133','2018-03-23 10:58:30',NULL,'8A17215476CC049DF594EEDCDD9512EA.jvm1','2017024'),(144,'2018-03-23 10:58:31','2012018','2012018','2018-03-23 10:58:31','WEB_APP','36.69.83.101','2018-03-23 10:58:31',NULL,'9F4BD37EA642E16889AA0808833CCCAD.jvm1','2012018'),(145,'2018-03-23 10:58:31','2015026','2015026','2018-03-23 10:58:31','WEB_APP','202.169.43.133','2018-03-23 10:58:31',NULL,'96601066A8A810B4F5EDE7BD08142157.jvm1','2015026'),(146,'2018-03-23 10:58:34','2015010','2015010','2018-03-23 10:58:34','WEB_APP','114.124.232.194','2018-03-23 10:58:34',NULL,'35BC1BD43244234FA1BAF69534C135B0.jvm1','2015010'),(147,'2018-03-23 10:58:34','2015010','2015010','2018-03-23 10:58:34','WEB_APP','114.124.232.194','2018-03-23 10:58:34',NULL,'35BC1BD43244234FA1BAF69534C135B0.jvm1','2015010'),(148,'2018-03-23 10:58:37','2016008','2016008','2018-03-23 10:58:37','WEB_APP','36.69.83.101','2018-03-23 10:58:37',NULL,'8CC501AB636475A2127FB613FFDC4816.jvm1','2016008'),(149,'2018-03-23 10:58:39','2016015','2016015','2018-03-23 10:58:39','WEB_APP','36.69.83.101','2018-03-23 10:58:39',NULL,'A1116260CB4D47B5D4C6B3F5401FBA3C.jvm1','2016015'),(150,'2018-03-23 10:58:43','2016016','2016016','2018-03-23 10:58:43','WEB_APP','36.69.83.101','2018-03-23 10:58:42',NULL,'C8B1B1A3DB2DAD4D591CED21D2A52122.jvm1','2016016'),(151,'2018-03-23 10:58:46','2017027','2017027','2018-03-23 10:58:46','WEB_APP','114.124.197.44','2018-03-23 10:58:46',NULL,'AF96907F78A5953296E28A42D7DB94CA.jvm1','2017027'),(152,'2018-03-23 10:59:44','2014008','2014008','2018-03-23 10:59:44','WEB_APP','202.169.43.133','2018-03-23 10:59:44',NULL,'7A377F5BF1624B33D0F07815EB95D5B5.jvm1','2014008'),(153,'2018-03-23 10:59:56','2015013','2015013','2018-03-23 10:59:56','WEB_APP','114.124.234.13','2018-03-23 10:59:56',NULL,'6E3B4FC4E78B083B4CCA8681564A261B.jvm1','2015013'),(154,'2018-03-23 11:00:06','2018002','2018002','2018-03-23 11:00:06','WEB_APP','112.215.236.183','2018-03-23 11:00:06',NULL,'4020FBBE483159CDD86E4013FBBD943F.jvm1','2018002'),(155,'2018-03-23 11:00:18','2011001','2011001','2018-03-23 11:00:18','WEB_APP','36.69.83.101','2018-03-23 11:00:18',NULL,'F137BBCA073C2D91ED30D287D06FAAFF.jvm1','2011001'),(156,'2018-03-23 11:00:25','2016008','2016008','2018-03-23 11:00:25','WEB_APP','112.215.201.116','2018-03-23 11:00:25',NULL,'DAFAE8C3B31134AD591B2E6B438C1506.jvm1','2016008'),(157,'2018-03-23 11:00:32','2014014','2014014','2018-03-23 11:00:32','WEB_APP','114.124.181.21','2018-03-23 11:00:32',NULL,'5293723006BCFB827AE123A8DDBD1B0B.jvm1','2014014'),(158,'2018-03-23 11:00:50','2015010','2015010','2018-03-23 11:00:50','WEB_APP','202.169.43.133','2018-03-23 11:00:50',NULL,'57952629C69AA3561BCD45D9377581AA.jvm1','2015010'),(159,'2018-03-23 11:01:39','2017012','2017012','2018-03-23 11:01:39','WEB_APP','114.124.139.177','2018-03-23 11:01:39',NULL,'6DDF0130286882DCF400996B7357AEEC.jvm1','2017012'),(160,'2018-03-23 11:02:22','2018007','system','2018-03-23 11:04:33','WEB_APP','36.69.83.101','2018-03-23 11:02:22','2018-03-23 11:04:33','DB8348634D1EC938D4876D73E9EA72E2.jvm1','2018007'),(161,'2018-03-23 11:02:23','2018008','2018008','2018-03-23 11:02:23','WEB_APP','114.124.137.42','2018-03-23 11:02:23',NULL,'9B60391289C5DC4F4F00A3A79353A663.jvm1','2018008'),(162,'2018-03-23 11:02:34','2014014','2014014','2018-03-23 11:02:34','WEB_APP','114.124.181.21','2018-03-23 11:02:34',NULL,'8BDC425E1F8DB1A86681E047954E5A6A.jvm1','2014014'),(163,'2018-03-23 11:02:54','2017011','2017011','2018-03-23 11:02:54','WEB_APP','114.124.139.225','2018-03-23 11:02:54',NULL,'871BD98F0D21871FF1EF6B79C458121C.jvm1','2017011'),(164,'2018-03-23 11:03:17','2017011','2017011','2018-03-23 11:03:17','WEB_APP','114.124.139.225','2018-03-23 11:03:17',NULL,'AE819CB83B783318DA99BAEEAF4F1100.jvm1','2017011'),(165,'2018-03-23 11:04:49','2008001','system','2018-03-23 11:05:05','WEB_APP','36.69.83.101','2018-03-23 11:04:49','2018-03-23 11:05:05','5758F48AFDDCFD6C8DE4D7A5B286B3EE.jvm1','2008001'),(166,'2018-03-23 11:05:39','2018007','2018007','2018-03-23 11:05:39','WEB_APP','36.69.83.101','2018-03-23 11:05:39',NULL,'2D86238D2FAD91C306AD93E0F5CA604F.jvm1','2018007'),(167,'2018-03-23 11:05:49','2008002','2008002','2018-03-23 11:05:49','WEB_APP','36.69.83.101','2018-03-23 11:05:49',NULL,'CA251CDF4F78B1AF13A7A1EBAE788884.jvm1','2008002'),(168,'2018-03-23 11:06:49','2012017','2012017','2018-03-23 11:06:49','WEB_APP','36.69.83.101','2018-03-23 11:06:49',NULL,'D8C2ABAF4169CC2F9B313A888BC937C4.jvm1','2012017'),(169,'2018-03-23 11:10:05','2008002','2008002','2018-03-23 11:10:05','WEB_APP','36.69.83.101','2018-03-23 11:10:05',NULL,'2C5950AAAE1A95038AC452815AEB0873.jvm1','2008002'),(170,'2018-03-23 11:23:29','admin','admin','2018-03-23 11:23:29','WEB_APP','36.69.83.101','2018-03-23 11:23:29',NULL,'3B9324EEC802E3998D6B4716D91B6FF4.jvm1','admin'),(171,'2018-03-23 11:38:02','2015013','2015013','2018-03-23 11:38:02','WEB_APP','36.69.83.101','2018-03-23 11:38:02',NULL,'48AC8A4A1D35E32237A3C98BC21A0D44.jvm1','2015013'),(172,'2018-03-23 11:38:05','2015013','2015013','2018-03-23 11:38:05','WEB_APP','36.69.83.101','2018-03-23 11:38:05',NULL,'48AC8A4A1D35E32237A3C98BC21A0D44.jvm1','2015013'),(173,'2018-03-23 11:38:18','2015013','system','2018-03-23 11:39:42','WEB_APP','36.69.83.101','2018-03-23 11:38:18','2018-03-23 11:39:42','B8903A33D49B8D9C539B34064CAE6E44.jvm1','2015013'),(174,'2018-03-23 11:40:41','2015013','2015013','2018-03-23 11:40:41','WEB_APP','36.69.83.101','2018-03-23 11:40:41',NULL,'2B500897833706942F403EB5D4C7E898.jvm1','2015013'),(175,'2018-03-23 16:05:40','2012018','2012018','2018-03-23 16:05:40','WEB_APP','202.169.43.133','2018-03-23 16:05:40',NULL,'BC8D2829DB48A19BB4C314AE14A7CBC8.jvm1','2012018'),(176,'2018-04-03 14:00:33','2014011','system','2018-04-03 18:04:46','WEB_APP','202.169.43.133','2018-04-03 14:00:29','2018-04-03 18:04:45','C2A529852315B36137AD141E226F9D5B.jvm1','2014011');
/*!40000 ALTER TABLE `login_history` ENABLE KEYS */;
UNLOCK TABLES;

--
-- Table structure for table `notification`
--

DROP TABLE IF EXISTS `notification`;
/*!40101 SET @saved_cs_client     = @@character_set_client */;
/*!40101 SET character_set_client = utf8 */;
CREATE TABLE `notification` (
  `id` int(11) NOT NULL AUTO_INCREMENT,
  `create_timestamp` datetime NOT NULL,
  `created_by` varchar(255) NOT NULL,
  `last_modified_by` varchar(255) NOT NULL,
  `last_modified_timestamp` datetime NOT NULL,
  `message` varchar(255) DEFAULT NULL,
  `status` int(11) DEFAULT NULL,
  `type` int(11) DEFAULT NULL,
  `user_id` varchar(20) NOT NULL,
  PRIMARY KEY (`id`)
) ENGINE=MyISAM AUTO_INCREMENT=118 DEFAULT CHARSET=utf8;
/*!40101 SET character_set_client = @saved_cs_client */;

--
-- Dumping data for table `notification`
--

LOCK TABLES `notification` WRITE;
/*!40000 ALTER TABLE `notification` DISABLE KEYS */;
INSERT INTO `notification` VALUES (1,'2018-03-06 18:58:10','2012007','2012007','2018-03-06 18:58:10','You have been assigned to project Preparation of 2018 Monthly Tax Return',0,0,'2018007'),(2,'2018-03-06 18:58:10','2012007','2012007','2018-03-06 18:58:10','You have been assigned to project Preparation of 2018 Monthly Tax Return',0,0,'2016008'),(3,'2018-03-06 18:58:10','2012007','2012007','2018-03-06 18:58:10','You have been assigned to project Preparation of 2018 Monthly Tax Return',0,0,'2017039'),(4,'2018-03-06 18:58:10','2012007','2012007','2018-03-06 18:58:10','You have been assigned to project Preparation of 2018 Monthly Tax Return',0,0,'2015028'),(5,'2018-03-06 18:58:10','2012007','2012007','2018-03-06 18:58:10','You have been assigned to project Preparation of 2018 Monthly Tax Return',0,0,'2010003'),(6,'2018-03-06 18:58:10','2012007','2012007','2018-03-06 18:58:10','You have been assigned to project Preparation of 2018 Monthly Tax Return',0,0,'2013002'),(7,'2018-03-07 18:03:39','admin','admin','2018-03-07 18:03:39','Your timesheet activity OTHER for project Smartfren Tax Audit 2017 has been rejected.',0,1,'2016008'),(8,'2018-03-08 18:45:41','2012007','2012007','2018-03-08 18:45:41','You have been assigned to project Preparation of 2018 Monthly Tax Return',0,0,'2018007'),(9,'2018-03-08 18:45:41','2012007','2012007','2018-03-08 18:45:41','You have been assigned to project Preparation of 2018 Monthly Tax Return',0,0,'2016008'),(10,'2018-03-08 18:45:41','2012007','2012007','2018-03-08 18:45:41','You have been assigned to project Preparation of 2018 Monthly Tax Return',0,0,'2017039'),(11,'2018-03-08 18:45:41','2012007','2012007','2018-03-08 18:45:41','You have been assigned to project Preparation of 2018 Monthly Tax Return',0,0,'2015028'),(12,'2018-03-08 18:45:41','2012007','2012007','2018-03-08 18:45:41','You have been assigned to project Preparation of 2018 Monthly Tax Return',0,0,'2012007'),(13,'2018-03-08 18:45:41','2012007','2012007','2018-03-08 18:45:41','You have been assigned to project Preparation of 2018 Monthly Tax Return',0,0,'2010003'),(14,'2018-03-08 18:45:41','2012007','2012007','2018-03-08 18:45:41','You have been assigned to project Preparation of 2018 Monthly Tax Return',0,0,'2013002'),(15,'2018-03-13 11:36:58','admin','admin','2018-03-13 11:36:58','You have been assigned to project Tax Audit',0,0,'2012007'),(16,'2018-03-13 11:40:38','2012007','2012007','2018-03-13 11:40:38','You have been assigned to project Tax Audit',0,0,'2018007'),(17,'2018-03-13 11:40:38','2012007','2012007','2018-03-13 11:40:38','You have been assigned to project Tax Audit',0,0,'2016008'),(18,'2018-03-13 11:40:38','2012007','2012007','2018-03-13 11:40:38','You have been assigned to project Tax Audit',0,0,'2016015'),(19,'2018-03-13 11:40:38','2012007','2012007','2018-03-13 11:40:38','You have been assigned to project Tax Audit',0,0,'2012007'),(20,'2018-03-13 11:40:38','2012007','2012007','2018-03-13 11:40:38','You have been assigned to project Tax Audit',0,0,'2014009'),(21,'2018-03-13 11:43:19','2012007','2012007','2018-03-13 11:43:19','You have been assigned to project Tax Audit',0,0,'2018007'),(22,'2018-03-13 11:43:19','2012007','2012007','2018-03-13 11:43:19','You have been assigned to project Tax Audit',0,0,'2016008'),(23,'2018-03-13 11:43:19','2012007','2012007','2018-03-13 11:43:19','You have been assigned to project Tax Audit',0,0,'2016015'),(24,'2018-03-13 11:43:19','2012007','2012007','2018-03-13 11:43:19','You have been assigned to project Tax Audit',0,0,'2012007'),(25,'2018-03-13 11:43:19','2012007','2012007','2018-03-13 11:43:19','You have been assigned to project Tax Audit',0,0,'2014009'),(26,'2018-04-03 14:20:39','2014011','2014011','2018-04-03 14:20:39','You have been assigned to project 2017 SPT 1771',0,0,'2014011'),(27,'2018-04-03 14:20:39','2014011','2014011','2018-04-03 14:20:39','You have been assigned to project 2017 SPT 1771',0,0,'2017024'),(28,'2018-04-03 14:20:39','2014011','2014011','2018-04-03 14:20:39','You have been assigned to project 2017 SPT 1771',0,0,'2012006'),(29,'2018-04-03 14:25:58','2014011','2014011','2018-04-03 14:25:58','You have been assigned to project Tax Audit 2013-2014',0,0,'2017011'),(30,'2018-04-03 14:25:58','2014011','2014011','2018-04-03 14:25:58','You have been assigned to project Tax Audit 2013-2014',0,0,'2014011'),(31,'2018-04-03 14:25:58','2014011','2014011','2018-04-03 14:25:58','You have been assigned to project Tax Audit 2013-2014',0,0,'2014016'),(32,'2018-04-03 14:25:58','2014011','2014011','2018-04-03 14:25:58','You have been assigned to project Tax Audit 2013-2014',0,0,'2012006'),(33,'2018-04-03 14:29:10','2014011','2014011','2018-04-03 14:29:10','You have been assigned to project Pemeriksaan Pajak dan pencabutan NPWP untuk Kantor Cabang',0,0,'2017011'),(34,'2018-04-03 14:29:11','2014011','2014011','2018-04-03 14:29:11','You have been assigned to project Pemeriksaan Pajak dan pencabutan NPWP untuk Kantor Cabang',0,0,'2014011'),(35,'2018-04-03 14:29:11','2014011','2014011','2018-04-03 14:29:11','You have been assigned to project Pemeriksaan Pajak dan pencabutan NPWP untuk Kantor Cabang',0,0,'2014016'),(36,'2018-04-03 14:29:11','2014011','2014011','2018-04-03 14:29:11','You have been assigned to project Pemeriksaan Pajak dan pencabutan NPWP untuk Kantor Cabang',0,0,'2012006'),(37,'2018-04-03 15:57:13','2014011','2014011','2018-04-03 15:57:13','You have been assigned to project Review 2017 Annual CITR',0,0,'2016008'),(38,'2018-04-03 15:57:13','2014011','2014011','2018-04-03 15:57:13','You have been assigned to project Review 2017 Annual CITR',0,0,'2014011'),(39,'2018-04-03 15:57:13','2014011','2014011','2018-04-03 15:57:13','You have been assigned to project Review 2017 Annual CITR',0,0,'2014014'),(40,'2018-04-03 16:01:56','2014011','2014011','2018-04-03 16:01:56','You have been assigned to project Review 2017 Annual CITR',0,0,'2014011'),(41,'2018-04-03 16:01:57','2014011','2014011','2018-04-03 16:01:57','You have been assigned to project Review 2017 Annual CITR',0,0,'2017012'),(42,'2018-04-03 16:01:57','2014011','2014011','2018-04-03 16:01:57','You have been assigned to project Review 2017 Annual CITR',0,0,'2014014'),(43,'2018-04-03 16:04:10','2014011','2014011','2018-04-03 16:04:10','You have been assigned to project Review 2017 Annual CITR',0,0,'2014011'),(44,'2018-04-03 16:04:10','2014011','2014011','2018-04-03 16:04:10','You have been assigned to project Review 2017 Annual CITR',0,0,'2015028'),(45,'2018-04-03 16:04:10','2014011','2014011','2018-04-03 16:04:10','You have been assigned to project Review 2017 Annual CITR',0,0,'2012018'),(46,'2018-04-03 16:05:19','2014011','2014011','2018-04-03 16:05:19','You have been assigned to project Review 2017 Annual CITR',0,0,'2014011'),(47,'2018-04-03 16:05:19','2014011','2014011','2018-04-03 16:05:19','You have been assigned to project Review 2017 Annual CITR',0,0,'2015028'),(48,'2018-04-03 16:05:19','2014011','2014011','2018-04-03 16:05:19','You have been assigned to project Review 2017 Annual CITR',0,0,'2012018'),(49,'2018-04-03 16:21:50','2014011','2014011','2018-04-03 16:21:50','You have been assigned to project Review 2017 Annual CITR',0,0,'2014011'),(50,'2018-04-03 16:21:50','2014011','2014011','2018-04-03 16:21:50','You have been assigned to project Review 2017 Annual CITR',0,0,'2015028'),(51,'2018-04-03 16:21:50','2014011','2014011','2018-04-03 16:21:50','You have been assigned to project Review 2017 Annual CITR',0,0,'2012018'),(52,'2018-04-03 16:27:12','2014011','2014011','2018-04-03 16:27:12','You have been assigned to project Review 2017 Annual CITR',0,0,'2014011'),(53,'2018-04-03 16:27:12','2014011','2014011','2018-04-03 16:27:12','You have been assigned to project Review 2017 Annual CITR',0,0,'2012018'),(54,'2018-04-03 16:27:13','2014011','2014011','2018-04-03 16:27:13','You have been assigned to project Review 2017 Annual CITR',0,0,'2016016'),(55,'2018-04-03 16:29:20','2014011','2014011','2018-04-03 16:29:20','You have been assigned to project Review 2017 Annual CITR',0,0,'2014011'),(56,'2018-04-03 16:29:20','2014011','2014011','2018-04-03 16:29:20','You have been assigned to project Review 2017 Annual CITR',0,0,'2012018'),(57,'2018-04-03 16:29:20','2014011','2014011','2018-04-03 16:29:20','You have been assigned to project Review 2017 Annual CITR',0,0,'2016016'),(58,'2018-04-03 16:31:11','2014011','2014011','2018-04-03 16:31:11','You have been assigned to project Review 2017 Annual CITR',0,0,'2014011'),(59,'2018-04-03 16:31:11','2014011','2014011','2018-04-03 16:31:11','You have been assigned to project Review 2017 Annual CITR',0,0,'2017012'),(60,'2018-04-03 16:31:11','2014011','2014011','2018-04-03 16:31:11','You have been assigned to project Review 2017 Annual CITR',0,0,'2014014'),(61,'2018-04-03 16:34:22','2014011','2014011','2018-04-03 16:34:22','You have been assigned to project Review 2017 Annual CITR',0,0,'2014011'),(62,'2018-04-03 16:34:22','2014011','2014011','2018-04-03 16:34:22','You have been assigned to project Review 2017 Annual CITR',0,0,'2017012'),(63,'2018-04-03 16:34:22','2014011','2014011','2018-04-03 16:34:22','You have been assigned to project Review 2017 Annual CITR',0,0,'2014014'),(64,'2018-04-03 16:36:54','2014011','2014011','2018-04-03 16:36:54','You have been assigned to project Review 2017 Annual CITR',0,0,'2014011'),(65,'2018-04-03 16:36:54','2014011','2014011','2018-04-03 16:36:54','You have been assigned to project Review 2017 Annual CITR',0,0,'2017012'),(66,'2018-04-03 16:36:54','2014011','2014011','2018-04-03 16:36:54','You have been assigned to project Review 2017 Annual CITR',0,0,'2014014'),(67,'2018-04-03 16:37:34','2014011','2014011','2018-04-03 16:37:34','You have been assigned to project Review 2017 Annual CITR',0,0,'2014011'),(68,'2018-04-03 16:37:34','2014011','2014011','2018-04-03 16:37:34','You have been assigned to project Review 2017 Annual CITR',0,0,'2017012'),(69,'2018-04-03 16:37:34','2014011','2014011','2018-04-03 16:37:34','You have been assigned to project Review 2017 Annual CITR',0,0,'2014014'),(70,'2018-04-03 16:37:51','2014011','2014011','2018-04-03 16:37:51','You have been assigned to project Review 2017 Annual CITR',0,0,'2014011'),(71,'2018-04-03 16:37:51','2014011','2014011','2018-04-03 16:37:51','You have been assigned to project Review 2017 Annual CITR',0,0,'2017012'),(72,'2018-04-03 16:37:51','2014011','2014011','2018-04-03 16:37:51','You have been assigned to project Review 2017 Annual CITR',0,0,'2014014'),(73,'2018-04-03 16:38:40','2014011','2014011','2018-04-03 16:38:40','You have been assigned to project Review 2017 Annual CITR',0,0,'2014011'),(74,'2018-04-03 16:38:40','2014011','2014011','2018-04-03 16:38:40','You have been assigned to project Review 2017 Annual CITR',0,0,'2017012'),(75,'2018-04-03 16:38:40','2014011','2014011','2018-04-03 16:38:40','You have been assigned to project Review 2017 Annual CITR',0,0,'2014014'),(76,'2018-04-03 16:39:36','2014011','2014011','2018-04-03 16:39:36','You have been assigned to project Review 2017 Annual CITR',0,0,'2016008'),(77,'2018-04-03 16:39:36','2014011','2014011','2018-04-03 16:39:36','You have been assigned to project Review 2017 Annual CITR',0,0,'2014011'),(78,'2018-04-03 16:39:36','2014011','2014011','2018-04-03 16:39:36','You have been assigned to project Review 2017 Annual CITR',0,0,'2014014'),(79,'2018-04-03 16:42:09','2014011','2014011','2018-04-03 16:42:09','You have been assigned to project Review 2017 Annual CITR',0,0,'2014011'),(80,'2018-04-03 16:42:09','2014011','2014011','2018-04-03 16:42:09','You have been assigned to project Review 2017 Annual CITR',0,0,'2015028'),(81,'2018-04-03 16:42:09','2014011','2014011','2018-04-03 16:42:09','You have been assigned to project Review 2017 Annual CITR',0,0,'2012018'),(82,'2018-04-03 16:43:28','2014011','2014011','2018-04-03 16:43:28','You have been assigned to project Review 2017 Annual CITR',0,0,'2014011'),(83,'2018-04-03 16:43:28','2014011','2014011','2018-04-03 16:43:28','You have been assigned to project Review 2017 Annual CITR',0,0,'2012018'),(84,'2018-04-03 16:43:28','2014011','2014011','2018-04-03 16:43:28','You have been assigned to project Review 2017 Annual CITR',0,0,'2016016'),(85,'2018-04-03 16:44:31','2014011','2014011','2018-04-03 16:44:31','You have been assigned to project Review 2017 Annual CITR',0,0,'2014011'),(86,'2018-04-03 16:44:31','2014011','2014011','2018-04-03 16:44:31','You have been assigned to project Review 2017 Annual CITR',0,0,'2015028'),(87,'2018-04-03 16:44:31','2014011','2014011','2018-04-03 16:44:31','You have been assigned to project Review 2017 Annual CITR',0,0,'2012018'),(88,'2018-04-03 16:45:50','2014011','2014011','2018-04-03 16:45:50','You have been assigned to project Review 2017 Annual CITR',0,0,'2014011'),(89,'2018-04-03 16:45:50','2014011','2014011','2018-04-03 16:45:50','You have been assigned to project Review 2017 Annual CITR',0,0,'2015028'),(90,'2018-04-03 16:45:50','2014011','2014011','2018-04-03 16:45:50','You have been assigned to project Review 2017 Annual CITR',0,0,'2012018'),(91,'2018-04-03 16:47:24','2014011','2014011','2018-04-03 16:47:24','You have been assigned to project Review 2017 Annual CITR',0,0,'2014011'),(92,'2018-04-03 16:47:24','2014011','2014011','2018-04-03 16:47:24','You have been assigned to project Review 2017 Annual CITR',0,0,'2012018'),(93,'2018-04-03 16:47:24','2014011','2014011','2018-04-03 16:47:24','You have been assigned to project Review 2017 Annual CITR',0,0,'2016016'),(94,'2018-04-03 17:02:26','2014011','2014011','2018-04-03 17:02:26','You have been assigned to project Review 2017 Annual CITR',0,0,'2018007'),(95,'2018-04-03 17:02:26','2014011','2014011','2018-04-03 17:02:26','You have been assigned to project Review 2017 Annual CITR',0,0,'2014015'),(96,'2018-04-03 17:02:26','2014011','2014011','2018-04-03 17:02:26','You have been assigned to project Review 2017 Annual CITR',0,0,'2014011'),(97,'2018-04-03 17:07:58','2014011','2014011','2018-04-03 17:07:58','You have been assigned to project Preparation of 2017 Annual CITR',0,0,'2014011'),(98,'2018-04-03 17:07:58','2014011','2014011','2018-04-03 17:07:58','You have been assigned to project Preparation of 2017 Annual CITR',0,0,'2015028'),(99,'2018-04-03 17:07:58','2014011','2014011','2018-04-03 17:07:58','You have been assigned to project Preparation of 2017 Annual CITR',0,0,'2014014'),(100,'2018-04-03 17:11:04','2014011','2014011','2018-04-03 17:11:04','You have been assigned to project VAT Tax Refund for August 2017',0,0,'2014015'),(101,'2018-04-03 17:11:04','2014011','2014011','2018-04-03 17:11:04','You have been assigned to project VAT Tax Refund for August 2017',0,0,'2014011'),(102,'2018-04-03 17:20:13','2014011','2014011','2018-04-03 17:20:13','You have been assigned to project Preparation of 2017 Annual CITR',0,0,'2014011'),(103,'2018-04-03 17:20:13','2014011','2014011','2018-04-03 17:20:13','You have been assigned to project Preparation of 2017 Annual CITR',0,0,'2011001'),(104,'2018-04-03 17:20:13','2014011','2014011','2018-04-03 17:20:13','You have been assigned to project Preparation of 2017 Annual CITR',0,0,'2012017'),(105,'2018-04-03 17:23:44','2014011','2014011','2018-04-03 17:23:44','You have been assigned to project Preparation of 2017 Annual CITR',0,0,'2014011'),(106,'2018-04-03 17:23:44','2014011','2014011','2018-04-03 17:23:44','You have been assigned to project Preparation of 2017 Annual CITR',0,0,'2012017'),(107,'2018-04-03 17:26:03','2014011','2014011','2018-04-03 17:26:03','You have been assigned to project Tax Compliances 2018',0,0,'2014011'),(108,'2018-04-03 17:26:03','2014011','2014011','2018-04-03 17:26:03','You have been assigned to project Tax Compliances 2018',0,0,'2014016'),(109,'2018-04-03 17:26:03','2014011','2014011','2018-04-03 17:26:03','You have been assigned to project Tax Compliances 2018',0,0,'2012017'),(110,'2018-04-03 17:27:45','2014011','2014011','2018-04-03 17:27:45','You have been assigned to project Preparation of 2017 Annual CITR',0,0,'2014011'),(111,'2018-04-03 17:27:45','2014011','2014011','2018-04-03 17:27:45','You have been assigned to project Preparation of 2017 Annual CITR',0,0,'2014016'),(112,'2018-04-03 17:27:45','2014011','2014011','2018-04-03 17:27:45','You have been assigned to project Preparation of 2017 Annual CITR',0,0,'2012017'),(113,'2018-04-03 17:52:47','2014011','2014011','2018-04-03 17:52:47','You have been assigned to project Preparation of 2017 Annual Individual Tax Return',0,0,'2014011'),(114,'2018-04-03 17:52:47','2014011','2014011','2018-04-03 17:52:47','You have been assigned to project Preparation of 2017 Annual Individual Tax Return',0,0,'2012017'),(115,'2018-04-03 18:01:13','2014011','2014011','2018-04-03 18:01:13','You have been assigned to project Tax Audit 2015',0,0,'2014011'),(116,'2018-04-03 18:01:13','2014011','2014011','2018-04-03 18:01:13','You have been assigned to project Tax Audit 2015',0,0,'2017044'),(117,'2018-04-03 18:01:13','2014011','2014011','2018-04-03 18:01:13','You have been assigned to project Tax Audit 2015',0,0,'2014019');
/*!40000 ALTER TABLE `notification` ENABLE KEYS */;
UNLOCK TABLES;

--
-- Table structure for table `overtime_history`
--

DROP TABLE IF EXISTS `overtime_history`;
/*!40101 SET @saved_cs_client     = @@character_set_client */;
/*!40101 SET character_set_client = utf8 */;
CREATE TABLE `overtime_history` (
  `id` int(11) NOT NULL AUTO_INCREMENT,
  `create_timestamp` datetime NOT NULL,
  `created_by` varchar(255) NOT NULL,
  `last_modified_by` varchar(255) NOT NULL,
  `last_modified_timestamp` datetime NOT NULL,
  `act_id` int(11) DEFAULT NULL,
  `act_date` datetime DEFAULT NULL,
  `emp_id` int(11) DEFAULT NULL,
  `hours` double DEFAULT NULL,
  `prj_id` int(11) DEFAULT NULL,
  `timesheet_id` int(11) DEFAULT NULL,
  PRIMARY KEY (`id`),
  KEY `IDXfoiyi76sn65ciyxcb4jeq99qj` (`emp_id`),
  KEY `IDXiwnp75c8xy14ybyyigkitbkg6` (`prj_id`),
  KEY `IDXb0lagtuqd4oc2yrh4avti2jh7` (`act_date`)
) ENGINE=MyISAM AUTO_INCREMENT=2 DEFAULT CHARSET=utf8;
/*!40101 SET character_set_client = @saved_cs_client */;

--
-- Dumping data for table `overtime_history`
--

LOCK TABLES `overtime_history` WRITE;
/*!40000 ALTER TABLE `overtime_history` DISABLE KEYS */;
INSERT INTO `overtime_history` VALUES (1,'2018-03-07 18:03:50','admin','admin','2018-03-07 18:03:50',12,'2018-03-05 00:00:00',6,2,475,5);
/*!40000 ALTER TABLE `overtime_history` ENABLE KEYS */;
UNLOCK TABLES;

--
-- Table structure for table `payment_history`
--

DROP TABLE IF EXISTS `payment_history`;
/*!40101 SET @saved_cs_client     = @@character_set_client */;
/*!40101 SET character_set_client = utf8 */;
CREATE TABLE `payment_history` (
  `id` int(11) NOT NULL AUTO_INCREMENT,
  `create_timestamp` datetime NOT NULL,
  `created_by` varchar(255) NOT NULL,
  `last_modified_by` varchar(255) NOT NULL,
  `last_modified_timestamp` datetime NOT NULL,
  `inv_date` datetime DEFAULT NULL,
  `inv_no` varchar(50) DEFAULT NULL,
  `paid_amount` double DEFAULT NULL,
  `pmt_date` datetime DEFAULT NULL,
  `prj_id` int(11) DEFAULT NULL,
  PRIMARY KEY (`id`),
  KEY `IDX5keik57n8ob28t63u5a2pkw4r` (`prj_id`)
) ENGINE=MyISAM AUTO_INCREMENT=5 DEFAULT CHARSET=utf8;
/*!40101 SET character_set_client = @saved_cs_client */;

--
-- Dumping data for table `payment_history`
--

LOCK TABLES `payment_history` WRITE;
/*!40000 ALTER TABLE `payment_history` DISABLE KEYS */;
INSERT INTO `payment_history` VALUES (1,'2018-02-27 13:25:39','admin','admin','2018-02-27 13:25:39','2018-02-27 00:00:00','XXX',1000000,NULL,475),(2,'2018-03-09 10:54:37','admin','admin','2018-03-09 10:54:37','2018-03-09 00:00:00','888',1000000,NULL,475),(3,'2018-03-09 17:37:20','admin','admin','2018-03-09 17:37:20','2018-03-09 00:00:00','xxxx',5000000,NULL,476),(4,'2018-03-13 12:10:47','admin','admin','2018-03-13 12:10:47','2018-03-13 00:00:00','888',5000000,NULL,475);
/*!40000 ALTER TABLE `payment_history` ENABLE KEYS */;
UNLOCK TABLES;

--
-- Table structure for table `project`
--

DROP TABLE IF EXISTS `project`;
/*!40101 SET @saved_cs_client     = @@character_set_client */;
/*!40101 SET character_set_client = utf8 */;
CREATE TABLE `project` (
  `id` int(11) NOT NULL AUTO_INCREMENT,
  `create_timestamp` datetime NOT NULL,
  `created_by` varchar(255) NOT NULL,
  `last_modified_by` varchar(255) NOT NULL,
  `last_modified_timestamp` datetime NOT NULL,
  `actual_hours` double DEFAULT NULL,
  `allocated_hours` double DEFAULT NULL,
  `description` varchar(255) DEFAULT NULL,
  `end_date` datetime DEFAULT NULL,
  `hard_copy_exists` int(11) DEFAULT NULL,
  `hard_copy_signed` int(11) DEFAULT NULL,
  `partner` varchar(255) DEFAULT NULL,
  `date` datetime DEFAULT NULL,
  `proposal_no` varchar(255) NOT NULL,
  `remarks` varchar(255) DEFAULT NULL,
  `soft_copy_exists` int(11) DEFAULT NULL,
  `soft_copy_signed` int(11) DEFAULT NULL,
  `start_date` datetime DEFAULT NULL,
  `status` int(11) DEFAULT NULL,
  `title` varchar(255) NOT NULL,
  `type` int(11) DEFAULT NULL,
  `value` double DEFAULT NULL,
  `client_id` int(11) DEFAULT NULL,
  PRIMARY KEY (`id`),
  UNIQUE KEY `UK6trtrydiaqtsl8yp55yydmtg5` (`proposal_no`),
  KEY `IDXpd0f41nfpvncngygkesu8mk9n` (`client_id`)
) ENGINE=MyISAM AUTO_INCREMENT=496 DEFAULT CHARSET=utf8;
/*!40101 SET character_set_client = @saved_cs_client */;

--
-- Dumping data for table `project`
--

LOCK TABLES `project` WRITE;
/*!40000 ALTER TABLE `project` DISABLE KEYS */;
INSERT INTO `project` VALUES (1,'2018-02-20 09:17:32','admin','admin','2018-02-20 09:17:32',0,0,'Transfer Pricing Advisory ',NULL,1,1,'CO/Anni','2017-01-01 07:00:00','001/BV/GCS/I/2017','',1,1,NULL,2,'Transfer Pricing Advisory ',1,0,1),(2,'2018-02-20 09:17:32','admin','admin','2018-02-20 09:17:32',0,0,'Assistance in Tax Audit Year 2015',NULL,1,1,'IDM/Anni','2017-01-01 07:00:00','002/AFAI/GCS/I/2017','',1,1,NULL,2,'Assistance in Tax Audit Year 2015',1,0,2),(3,'2018-02-20 09:17:32','admin','admin','2018-02-20 09:17:32',0,0,'Preparation of 2016 Annual Corporate Income Tax Return ',NULL,0,0,'IDM/Anni','2017-01-01 07:00:00','003/DRS/GCS/I/2017','',1,0,NULL,2,'Preparation of 2016 Annual Corporate Income Tax Return ',1,0,3),(4,'2018-02-20 09:17:32','admin','admin','2018-02-20 09:17:32',0,0,'Preparation of 2017  Monthly Tax Compliance',NULL,0,0,'IDM/Anni','2017-01-01 07:00:00','004/DRS/GCS/I/2017','',1,0,NULL,2,'Preparation of 2017  Monthly Tax Compliance',1,0,3),(5,'2018-02-20 09:17:32','admin','admin','2018-02-20 09:17:32',0,0,'Tax Advisory Services  Year 2017',NULL,0,0,'IDM/Anni','2017-01-01 07:00:00','005/DRS/GCS/I/2017','',1,0,NULL,2,'Tax Advisory Services  Year 2017',1,0,3),(6,'2018-02-20 09:17:32','admin','admin','2018-02-20 09:17:32',0,0,'Tax and Customs Advisory Services Related to Overseas Stock Point',NULL,1,1,'JT/AW','2017-01-01 07:00:00','006/ETI/GCS/I/2017','',1,1,NULL,2,'Tax and Customs Advisory Services Related to Overseas Stock Point',1,0,4),(7,'2018-02-20 09:17:32','admin','admin','2018-02-20 09:17:32',0,0,'Payroll and Monthly Employees Income Tax Return Services',NULL,1,1,'RS/Anni','2017-01-01 07:00:00','007/PCM/GCS/I/2017','',1,1,NULL,2,'Payroll and Monthly Employees Income Tax Return Services',1,0,5),(8,'2018-02-20 09:17:32','admin','admin','2018-02-20 09:17:32',0,0,'Preparation of 2016 Annual Corporate Income Tax Return ',NULL,1,1,'RS/Anni','2017-01-01 07:00:00','008/PCM/GCS/I/2017','',1,1,NULL,2,'Preparation of 2016 Annual Corporate Income Tax Return ',1,0,5),(9,'2018-02-20 09:17:32','admin','admin','2018-02-20 09:17:32',0,0,'CITR 2016',NULL,0,0,'BATAL','2017-01-01 07:00:00','009/PCM/GCS/I/2017','',0,0,NULL,2,'CITR 2016',1,0,5),(10,'2018-02-20 09:17:32','admin','admin','2018-02-20 09:17:32',0,0,'Preparation of 2017 Monthly Tax Returns ',NULL,0,0,'BPS/Anni','2017-01-01 07:00:00','010/SIN/GCS/I/2017','',1,0,NULL,2,'Preparation of 2017 Monthly Tax Returns ',1,0,6),(11,'2018-02-20 09:17:32','admin','admin','2018-02-20 09:17:32',0,0,'Corporate Tax Amnesty Program',NULL,0,0,'CO/Maria','2017-01-01 07:00:00','011/AK/GCS/I/2017','',1,0,NULL,2,'Corporate Tax Amnesty Program',1,0,7),(12,'2018-02-20 09:17:32','admin','admin','2018-02-20 09:17:32',0,0,'Corporate Tax Amnesty Program',NULL,0,0,'CO/Maria','2017-01-01 07:00:00','012/HWJ/GCS/I/2017','',1,0,NULL,2,'Corporate Tax Amnesty Program',1,0,8),(13,'2018-02-20 09:17:32','admin','admin','2018-02-20 09:17:32',0,0,'Preparation of 2016 Annual Individual Tax Return (SPT 1770S)',NULL,1,1,'AW/Maria','2017-01-01 07:00:00','013/JCI/GCS/I/2017','',1,1,NULL,2,'Preparation of 2016 Annual Individual Tax Return (SPT 1770S)',1,0,9),(14,'2018-02-20 09:17:32','admin','admin','2018-02-20 09:17:32',0,0,'Tax Audit',NULL,0,0,'JW/Anni','2017-01-01 07:00:00','014/LI/GCS/I/2017','',1,0,NULL,2,'Tax Audit',1,0,10),(15,'2018-02-20 09:17:32','admin','admin','2018-02-20 09:17:32',0,0,'Tax Advisory Services Related to Information Technology Implementation Service',NULL,0,0,'AW/Maria','2017-01-01 07:00:00','015/JCI/GCS/I/2017','',1,0,NULL,2,'Tax Advisory Services Related to Information Technology Implementation Service',1,0,9),(16,'2018-02-20 09:17:32','admin','admin','2018-02-20 09:17:32',0,0,'Preparation of 2017 Annual Corporate Income Tax Return ',NULL,0,0,'RS/DAD','2017-01-01 07:00:00','016/PCM/GCS/I/2017','',1,0,NULL,2,'Preparation of 2017 Annual Corporate Income Tax Return ',1,0,5),(17,'2018-02-20 09:17:32','admin','admin','2018-02-20 09:17:32',0,0,'Preparation of 2017  Monthly Tax Compliance',NULL,1,1,'RS/DAD','2017-01-01 07:00:00','017/PCM/GCS/I/2017','',1,1,NULL,2,'Preparation of 2017  Monthly Tax Compliance',1,0,5),(18,'2018-02-20 09:17:32','admin','admin','2018-02-20 09:17:32',0,0,'Preparation of 2016 Annual Corporate Income Tax Return',NULL,1,1,'FAC / Maria','2017-01-01 07:00:00','018/AHL/GCS/I/2017','',1,1,NULL,2,'Preparation of 2016 Annual Corporate Income Tax Return',1,0,11),(19,'2018-02-20 09:17:32','admin','admin','2018-02-20 09:17:32',0,0,'2016 Transfer Pricing Study',NULL,1,1,'IDM/Anni','2017-01-01 07:00:00','019/TRC/GCS/I/2017','',1,1,NULL,2,'2016 Transfer Pricing Study',1,0,12),(20,'2018-02-20 09:17:32','admin','admin','2018-02-20 09:17:32',0,0,'Value Added Tax Objection for tax Period of April and June 2015 ',NULL,0,0,'EA','2017-01-01 07:00:00','020/FBMI/GCS/I/2017','',1,0,NULL,2,'Value Added Tax Objection for tax Period of April and June 2015 ',1,0,13),(21,'2018-02-20 09:17:32','admin','admin','2018-02-20 09:17:32',0,0,'Penugasan atas Jasa Konsultasi Perpajakan terkait dengan Kontrak Investasi Kolektif Efek Beragun Aset (KIK-EBA) Tahun 2017',NULL,0,0,'CO/Maria','2017-01-01 07:00:00','021/IP/GCS/I/2017','',1,0,NULL,2,'Penugasan atas Jasa Konsultasi Perpajakan terkait dengan Kontrak Investasi Kolektif Efek Beragun Aset (KIK-EBA) Tahun 2017',1,0,14),(22,'2018-02-20 09:17:32','admin','admin','2018-02-20 09:17:32',0,0,'Fiscal Year of 2012-2014 Corporate Income Tax Objection and Appeal Assistance Service',NULL,1,1,'IDM/JW','2017-01-01 07:00:00','022/LI/GCS/I/2017','',1,1,NULL,2,'Fiscal Year of 2012-2014 Corporate Income Tax Objection and Appeal Assistance Service',1,0,10),(23,'2018-02-20 09:17:32','admin','admin','2018-02-20 09:17:32',0,0,'Tax Services for 2017',NULL,1,1,'FAC/Maria','2017-01-01 07:00:00','023/NE/GCS/I/2017','',1,1,NULL,2,'Tax Services for 2017',1,0,15),(24,'2018-02-20 09:17:32','admin','admin','2018-02-20 09:17:32',0,0,'Preparation of 2016 Annual Individual Tax Return (SPT 1770S) and Individual Tax Amnesty.',NULL,0,0,'AW/Maria','2017-01-01 07:00:00','024/HIU/GCS/I/2017','',1,0,NULL,2,'Preparation of 2016 Annual Individual Tax Return (SPT 1770S) and Individual Tax Amnesty.',1,0,16),(25,'2018-02-20 09:17:32','admin','admin','2018-02-20 09:17:32',0,0,'Tax Advisory Services  Corporate Restructuring',NULL,1,1,'CO/Maria','2017-01-01 07:00:00','025/TBE/GCS/I/2017','',1,1,NULL,2,'Tax Advisory Services  Corporate Restructuring',1,0,17),(26,'2018-02-20 09:17:32','admin','admin','2018-02-20 09:17:32',0,0,'2016 Transfer Pricing Services',NULL,1,1,'IDM/Anni','2017-01-01 07:00:00','026/AFAI/GCS/I/2017','',1,1,NULL,2,'2016 Transfer Pricing Services',1,0,2),(27,'2018-02-20 09:17:32','admin','admin','2018-02-20 09:17:32',0,0,'TP 2016',NULL,0,0,'DAD/Maria','2017-01-01 07:00:00','027/TFJ/GCS/I/2017','',1,0,NULL,2,'TP 2016',1,0,18),(28,'2018-02-20 09:17:32','admin','admin','2018-02-20 09:17:32',0,0,'TP 2016',NULL,0,0,'DAD/Maria','2017-01-01 07:00:00','028/INS/GCS/I/2017','',1,0,NULL,2,'TP 2016',1,0,19),(29,'2018-02-20 09:17:32','admin','admin','2018-02-20 09:17:32',0,0,'TP 2016',NULL,0,0,'DAD/Maria','2017-01-01 07:00:00','029/DSC/GCS/I/2017','',1,0,NULL,2,'TP 2016',1,0,20),(30,'2018-02-20 09:17:32','admin','admin','2018-02-20 09:17:32',0,0,'TP 2016',NULL,0,0,'DAD/Maria','2017-01-01 07:00:00','030/NB/GCS/I/2017','',1,0,NULL,2,'TP 2016',1,0,21),(31,'2018-02-20 09:17:32','admin','admin','2018-02-20 09:17:32',0,0,'TP 2016',NULL,0,0,'DAD/Maria','2017-01-01 07:00:00','031/CNS/GCS/I/2017','',1,0,NULL,2,'TP 2016',1,0,22),(32,'2018-02-20 09:17:32','admin','admin','2018-02-20 09:17:32',0,0,'TP 2016',NULL,1,1,'DAD/Maria','2017-01-01 07:00:00','032/CSS/GCS/I/2017','',1,1,NULL,2,'TP 2016',1,0,23),(33,'2018-02-20 09:17:32','admin','admin','2018-02-20 09:17:32',0,0,'TP 2016',NULL,1,1,'DAD/Maria','2017-01-01 07:00:00','033/SIP/GCS/I/2017','',1,1,NULL,2,'TP 2016',1,0,24),(34,'2018-02-20 09:17:32','admin','admin','2018-02-20 09:17:32',0,0,'TP 2016',NULL,1,1,'DAD/Maria','2017-01-01 07:00:00','034/PSN/GCS/I/2017','',1,1,NULL,2,'TP 2016',1,0,25),(35,'2018-02-20 09:17:32','admin','admin','2018-02-20 09:17:32',0,0,'TP 2016',NULL,0,0,'DAD/Maria','2017-01-01 07:00:00','035/MG/GCS/I/2017','',1,0,NULL,2,'TP 2016',1,0,26),(36,'2018-02-20 09:17:32','admin','admin','2018-02-20 09:17:32',0,0,'TP 2016',NULL,0,0,'DAD/Maria','2017-01-01 07:00:00','036/CI/GCS/I/2017','',1,0,NULL,2,'TP 2016',1,0,27),(37,'2018-02-20 09:17:32','admin','admin','2018-02-20 09:17:32',0,0,'Tax Objection and Appeal',NULL,1,1,'JW/Maria','2017-01-01 07:00:00','037/NEC/GCS/II/2017','',1,1,NULL,2,'Tax Objection and Appeal',1,0,28),(38,'2018-02-20 09:17:32','admin','admin','2018-02-20 09:17:32',0,0,'Tax Services',NULL,0,0,'EA/Anni','2017-01-01 07:00:00','038/CTI/GCS/II/2017','',1,0,NULL,2,'Tax Services',1,0,29),(39,'2018-02-20 09:17:32','admin','admin','2018-02-20 09:17:32',0,0,'TP Documentation 2015',NULL,1,1,'CO/Anni','2017-01-01 07:00:00','039/SIP/GCS/II/2017','',1,1,NULL,2,'TP Documentation 2015',1,0,30),(40,'2018-02-20 09:17:32','admin','admin','2018-02-20 09:17:32',0,0,'TP 2016',NULL,0,0,'IDM/Anni','2017-01-01 07:00:00','040/NEC/GCS/II/2017','',1,0,NULL,2,'TP 2016',1,0,28),(41,'2018-02-20 09:17:32','admin','admin','2018-02-20 09:17:32',0,0,'Customs Appeal',NULL,0,0,'AN/AW','2017-01-01 07:00:00','041/AAI/GCS/II.2017','',0,0,NULL,2,'Customs Appeal',1,0,31),(42,'2018-02-20 09:17:32','admin','admin','2018-02-20 09:17:32',0,0,'Payroll Monthly 2017',NULL,1,1,'FAB/Maria','2017-01-01 07:00:00','042/GTA/GCS/II/2017','',1,1,NULL,2,'Payroll Monthly 2017',1,0,32),(43,'2018-02-20 09:17:32','admin','admin','2018-02-20 09:17:32',0,0,'TP 2016',NULL,0,0,'SP/Anni','2017-01-01 07:00:00','043/IOL/GCS/II/2017','',1,0,NULL,2,'TP 2016',1,0,33),(44,'2018-02-20 09:17:32','admin','admin','2018-02-20 09:17:32',0,0,'TP 2016',NULL,0,0,'SP/Anni','2017-01-01 07:00:00','044/SC/GCS/II/2017','',1,0,NULL,2,'TP 2016',1,0,34),(45,'2018-02-20 09:17:32','admin','admin','2018-02-20 09:17:32',0,0,'Tax Advisory on TA and Revolution',NULL,0,0,'FAC / Maria','2017-01-01 07:00:00','045/YTL/GCS/II/2017','',1,0,NULL,2,'Tax Advisory on TA and Revolution',1,0,35),(46,'2018-02-20 09:17:32','admin','admin','2018-02-20 09:17:32',0,0,'SPT Masa Jan-Des 2017',NULL,0,0,'FAC/Maria','2017-01-01 07:00:00','046/TRC/GCS/II/2017','',1,0,NULL,2,'SPT Masa Jan-Des 2017',1,0,12),(47,'2018-02-20 09:17:32','admin','admin','2018-02-20 09:17:32',0,0,'Monthly & CITR 2017',NULL,0,0,'SP / Elisa','2017-01-01 07:00:00','047/EI/GCS/II/2017','',1,0,NULL,2,'Monthly & CITR 2017',1,0,36),(48,'2018-02-20 09:17:32','admin','admin','2018-02-20 09:17:32',0,0,'CITR 2016',NULL,0,0,'JW/Maria','2017-01-01 07:00:00','048/BGE/GCS/II/2017','',1,0,NULL,2,'CITR 2016',1,0,37),(49,'2018-02-20 09:17:32','admin','admin','2018-02-20 09:17:32',0,0,'TP 2016',NULL,1,1,'DAD/Maria','2017-01-01 07:00:00','049/TT/GCS/II/2017','',1,1,NULL,2,'TP 2016',1,0,38),(50,'2018-02-20 09:17:32','admin','2014011','2018-04-03 14:20:36',0,0,'2017 SPT 1771',NULL,0,0,'HBS / Elisa','2017-01-01 00:00:00','050/BB/GCS/II/2017',NULL,0,0,NULL,2,'2017 SPT 1771',1,0,39),(51,'2018-02-20 09:17:32','admin','admin','2018-02-20 09:17:32',0,0,'Review of 2016 Annual CITR',NULL,0,0,'RS/Anni','2017-01-01 07:00:00','051/OAA/GCS/II/2017','',1,0,NULL,2,'Review of 2016 Annual CITR',1,0,40),(52,'2018-02-20 09:17:32','admin','admin','2018-02-20 09:17:32',0,0,'Review of 2016 Annual CITR',NULL,0,0,'RS/Anni','2017-01-01 07:00:00','052/OCI/GCS/II/2017','',1,0,NULL,2,'Review of 2016 Annual CITR',1,0,41),(53,'2018-02-20 09:17:32','admin','admin','2018-02-20 09:17:32',0,0,'TP 2016',NULL,0,0,'SP / Elisa','2017-01-01 07:00:00','053/EI/GCS/II/2017','',1,0,NULL,2,'TP 2016',1,0,36),(54,'2018-02-20 09:17:32','admin','admin','2018-02-20 09:17:32',0,0,'TP 2016',NULL,1,1,'SP / Elisa','2017-01-01 07:00:00','054/CG/GCS/II/2017','',1,1,NULL,2,'TP 2016',1,0,42),(55,'2018-02-20 09:17:32','admin','admin','2018-02-20 09:17:32',0,0,'Tax Amnesty',NULL,1,1,'JT/Anni','2017-01-01 07:00:00','055/AFW/GCS/II/2017','',1,1,NULL,2,'Tax Amnesty',1,0,43),(56,'2018-02-20 09:17:32','admin','admin','2018-02-20 09:17:32',0,0,'TP 2016',NULL,0,0,'SP/Anni','2017-01-01 07:00:00','056/IPS/GCS/II/2017','',1,0,NULL,2,'TP 2016',1,0,44),(57,'2018-02-20 09:17:32','admin','admin','2018-02-20 09:17:32',0,0,'TP 2016',NULL,0,0,'SP / Elisa','2017-01-01 07:00:00','057/OCI/GCS/II/2017','',1,0,NULL,2,'TP 2016',1,0,41),(58,'2018-02-20 09:17:32','admin','admin','2018-02-20 09:17:32',0,0,'TP 2016',NULL,0,0,'SP / Elisa','2017-01-01 07:00:00','058/OAA/GCS/II/2017','',1,0,NULL,2,'TP 2016',1,0,40),(59,'2018-02-20 09:17:32','admin','admin','2018-02-20 09:17:32',0,0,'TP 2016',NULL,0,0,'SP / Elisa','2017-01-01 07:00:00','059/GIAP/GCS/II/2017','',1,0,NULL,2,'TP 2016',1,0,45),(60,'2018-02-20 09:17:32','admin','admin','2018-02-20 09:17:32',0,0,'TP 2016',NULL,0,0,'FAC / Maria','2017-01-01 07:00:00','060/CI/GCS/II/2017','',1,0,NULL,2,'TP 2016',1,0,46),(61,'2018-02-20 09:17:32','admin','admin','2018-02-20 09:17:32',0,0,'TP 2016',NULL,1,1,'FAC / Maria','2017-01-01 07:00:00','061/UB/GCS/II/2017','',1,1,NULL,2,'TP 2016',1,0,47),(62,'2018-02-20 09:17:32','admin','admin','2018-02-20 09:17:32',0,0,'TP 2016',NULL,1,1,'FAC / Maria','2017-01-01 07:00:00','062/NC/GCS/II/2017','',1,1,NULL,2,'TP 2016',1,0,48),(63,'2018-02-20 09:17:32','admin','admin','2018-02-20 09:17:32',0,0,'2016 CITR',NULL,1,1,'EY/Anni','2017-01-01 07:00:00','063/UA/GCS/II/2017','',1,1,NULL,2,'2016 CITR',1,0,49),(64,'2018-02-20 09:17:32','admin','admin','2018-02-20 09:17:32',0,0,'2016 CITR',NULL,1,1,'RS/Anni','2017-01-01 07:00:00','064/ALI/GCS/II/2017','',1,1,NULL,2,'2016 CITR',1,0,50),(65,'2018-02-20 09:17:32','admin','admin','2018-02-20 09:17:32',0,0,'Payroll and Monthly EITR 2017',NULL,0,0,'FAC/Maria','2017-01-01 07:00:00','065/RPI/GCS/II/2017','',1,0,NULL,2,'Payroll and Monthly EITR 2017',1,0,51),(66,'2018-02-20 09:17:32','admin','admin','2018-02-20 09:17:32',0,0,'Customs Appeal',NULL,1,1,'AW/Maria','2017-01-01 07:00:00','066/AAI/GCS/II/2017','',1,1,NULL,2,'Customs Appeal',1,0,31),(67,'2018-02-20 09:17:32','admin','admin','2018-02-20 09:17:32',0,0,'2015 Fiscal Year Corporate Income Tax Audit Assistance Services ',NULL,1,1,'IDM/JW','2017-01-01 07:00:00','067/PVMI/GCS/II/2017','',1,1,NULL,2,'2015 Fiscal Year Corporate Income Tax Audit Assistance Services ',1,0,52),(68,'2018-02-20 09:17:32','admin','admin','2018-02-20 09:17:32',0,0,'Preparation of 2017  Monthly Tax Compliance',NULL,1,1,'IDM/DAD','2017-01-01 07:00:00','068/II/GCS/II/2017','',1,1,NULL,2,'Preparation of 2017  Monthly Tax Compliance',1,0,53),(69,'2018-02-20 09:17:32','admin','admin','2018-02-20 09:17:32',0,0,'Review Laporan PPN bulanan Tahun 2016',NULL,0,0,'HBS/JW','2017-01-01 07:00:00','069/BMPR/GCS/II/2017','',1,0,NULL,2,'Review Laporan PPN bulanan Tahun 2016',1,0,54),(70,'2018-02-20 09:17:32','admin','admin','2018-02-20 09:17:32',0,0,'Tax Services 2017',NULL,0,0,'AN/EA','2017-01-01 07:00:00','070/KJM/GCS/II/2017','',1,0,NULL,2,'Tax Services 2017',1,0,55),(71,'2018-02-20 09:17:32','admin','admin','2018-02-20 09:17:32',0,0,'Jasa Perpajakan penelahaan SPT Masa PPN 2016',NULL,1,1,'JW/HBS','2017-01-01 07:00:00','071/BMPR/ GCS/II/2017','',1,1,NULL,2,'Jasa Perpajakan penelahaan SPT Masa PPN 2016',1,0,54),(72,'2018-02-20 09:17:32','admin','admin','2018-02-20 09:17:32',0,0,'Tax Services ',NULL,1,1,'Yoan/Maria','2017-01-01 07:00:00','072/LT/GCS/II/2017','',1,1,NULL,2,'Tax Services ',1,0,56),(73,'2018-02-20 09:17:32','admin','admin','2018-02-20 09:17:32',0,0,'Tax Services',NULL,0,0,'Yoan/Maria','2017-01-01 07:00:00','073/SJK/GCS/II/2017','',1,0,NULL,2,'Tax Services',1,0,57),(74,'2018-02-20 09:17:32','admin','admin','2018-02-20 09:17:32',0,0,'Customs Diagnostic Review for the year 2016',NULL,1,1,'AW/Maria','2017-01-01 07:00:00','074/TRC/GCS/II/2017','',1,1,NULL,2,'Customs Diagnostic Review for the year 2016',1,0,12),(75,'2018-02-20 09:17:32','admin','admin','2018-02-20 09:17:32',0,0,'Assistance service of agreement preparation',NULL,1,1,'AN/AW','2017-01-01 07:00:00','075/TRC/GCS/II/2017','',1,1,NULL,2,'Assistance service of agreement preparation',1,0,12),(76,'2018-02-20 09:17:32','admin','admin','2018-02-20 09:17:32',0,0,'Objection Letter Preparation Service and Assistance Service in Appeal Process of Corporate Income Tax of 2011 Fiscal Year.',NULL,1,1,'AN/AW','2017-01-01 07:00:00','076/RTI/GCS/II/2017','',1,1,NULL,2,'Objection Letter Preparation Service and Assistance Service in Appeal Process of Corporate Income Tax of 2011 Fiscal Year.',1,0,58),(77,'2018-02-20 09:17:32','admin','admin','2018-02-20 09:17:32',0,0,'Tax Amnesty Program',NULL,1,1,'JT/DAD','2017-01-01 07:00:00','077/FWOG/GCS/II/2017','',1,1,NULL,2,'Tax Amnesty Program',1,0,59),(78,'2018-02-20 09:17:32','admin','admin','2018-02-20 09:17:32',0,0,'Preparation of Three-Tiered Approach to Transfer Pricing Documentation  Fiscal Year 2016',NULL,1,1,'AN/FAC','2017-01-01 07:00:00','078/CI/GCS/II/2017','',1,1,NULL,2,'Preparation of Three-Tiered Approach to Transfer Pricing Documentation  Fiscal Year 2016',1,0,46),(79,'2018-02-20 09:17:32','admin','admin','2018-02-20 09:17:32',0,0,'Customs Services ',NULL,0,0,'JT/AF','2017-01-01 07:00:00','079/II/GCS/II/2017','',1,0,NULL,2,'Customs Services ',1,0,53),(80,'2018-02-20 09:17:32','admin','admin','2018-02-20 09:17:32',0,0,'Preparation of 2015 Annual Corporate Income Tax Return ',NULL,1,1,'JW/Maria','2017-01-01 07:00:00','080/CIJ/GCS/II/2017','',1,1,NULL,2,'Preparation of 2015 Annual Corporate Income Tax Return ',1,0,60),(81,'2018-02-20 09:17:32','admin','admin','2018-02-20 09:17:32',0,0,'Monthly Tax Compliance Art.21 for Year 2017 ',NULL,0,0,'DAD/Maria','2017-01-01 07:00:00','081/SMS/GCS/II/2017','',1,0,NULL,2,'Monthly Tax Compliance Art.21 for Year 2017 ',1,0,61),(82,'2018-02-20 09:17:32','admin','admin','2018-02-20 09:17:32',0,0,'Tax Services and Tax Advisory year 2017',NULL,0,0,'DAD/Maria','2017-01-01 07:00:00','082/SMS/GCS/II/2017','',1,0,NULL,2,'Tax Services and Tax Advisory year 2017',1,0,61),(83,'2018-02-20 09:17:32','admin','admin','2018-02-20 09:17:32',0,0,'Preparation of 2016      Annual Corporate Income Tax Return',NULL,0,0,'JW/Maria','2016-01-01 07:00:00','083/SS/GCS/II/2016','',1,0,NULL,2,'Preparation of 2016      Annual Corporate Income Tax Return',1,0,62),(84,'2018-02-20 09:17:32','admin','admin','2018-02-20 09:17:32',0,0,'Preparation of Three-Tiered Approach to Transfer Pricing Documentation  FY 2016',NULL,0,0,'SP/AF','2017-01-01 07:00:00','084/CI/GCS/II/2017','',1,0,NULL,2,'Preparation of Three-Tiered Approach to Transfer Pricing Documentation  FY 2016',1,0,27),(85,'2018-02-20 09:17:32','admin','admin','2018-02-20 09:17:32',0,0,'Preparation of Three-Tiered Approach to Transfer Pricing Documentation  FY 2016',NULL,0,0,'SP/AF','2017-01-01 07:00:00','085/GIAP/GCS/II/2017','',1,0,NULL,2,'Preparation of Three-Tiered Approach to Transfer Pricing Documentation  FY 2016',1,0,45),(86,'2018-02-20 09:17:32','admin','admin','2018-02-20 09:17:32',0,0,'Review of 2016 Annual Corporate Income Tax Return',NULL,0,0,'JW/ Maria','2017-01-01 07:00:00','086/CI/GCS/II/2017','',1,0,NULL,2,'Review of 2016 Annual Corporate Income Tax Return',1,0,27),(87,'2018-02-20 09:17:32','admin','admin','2018-02-20 09:17:32',0,0,'Corporate Tax Audit Year 2016',NULL,0,0,'JW/ Maria','2017-01-01 07:00:00','087/CI/GCS/II/2017','',1,0,NULL,2,'Corporate Tax Audit Year 2016',1,0,27),(88,'2018-02-20 09:17:32','admin','admin','2018-02-20 09:17:32',0,0,'Individual Income Tax Audit Assistance Service of 2013 and 2015 Fiscal Year',NULL,1,1,'AW/Maria','2017-01-01 07:00:00','088/KL/GCS/II/2017','',1,1,NULL,2,'Individual Income Tax Audit Assistance Service of 2013 and 2015 Fiscal Year',1,0,63),(89,'2018-02-20 09:17:32','admin','admin','2018-02-20 09:17:32',0,0,'Tax Consultation and Representation',NULL,0,0,'FAC','2017-01-01 07:00:00','089/BJB/GCS/II/2017','',1,0,NULL,2,'Tax Consultation and Representation',1,0,64),(90,'2018-02-20 09:17:32','admin','admin','2018-02-20 09:17:32',0,0,'Review of 2016 Annual Corporate Income Tax Computation',NULL,1,1,'JT/AF','2017-01-01 07:00:00','090/SUJ/GCS/III/2017','',1,1,NULL,2,'Review of 2016 Annual Corporate Income Tax Computation',1,0,65),(91,'2018-02-20 09:17:32','admin','admin','2018-02-20 09:17:32',0,0,'2016 Tax Diagnostic Review for withholding tax and VAT',NULL,1,1,'HBS','2017-01-01 07:00:00','091/BGE/GCS/III/2017','',1,1,NULL,2,'2016 Tax Diagnostic Review for withholding tax and VAT',1,0,37),(92,'2018-02-20 09:17:32','admin','admin','2018-02-20 09:17:32',0,0,'Preparation of Three-Tiered Approach to Transfer Pricing Documentation  Fiscal Year 2016',NULL,1,1,'FS/Maria','2017-01-01 07:00:00','092/MI/GCS/III/2017','',1,1,NULL,2,'Preparation of Three-Tiered Approach to Transfer Pricing Documentation  Fiscal Year 2016',1,0,66),(93,'2018-02-20 09:17:32','admin','admin','2018-02-20 09:17:32',0,0,'Preparation of Individual Tax Return  Year 2016',NULL,1,1,'SP / Elisa','2017-01-01 07:00:00','093/PV/GCS/III/2017','',1,1,NULL,2,'Preparation of Individual Tax Return  Year 2016',1,0,67),(94,'2018-02-20 09:17:32','admin','admin','2018-02-20 09:17:32',0,0,'2016 Annual Personal Income Tax Return',NULL,0,0,'SP / Elisa','2017-01-01 07:00:00','094/WBI/GCS/III/2017','',1,0,NULL,2,'2016 Annual Personal Income Tax Return',1,0,68),(95,'2018-02-20 09:17:32','admin','admin','2018-02-20 09:17:32',0,0,'2016 Transfer Pricing Services',NULL,0,0,'IDM / Anni','2017-01-01 07:00:00','095/II/GCS/III/2017','',1,0,NULL,2,'2016 Transfer Pricing Services',1,0,53),(96,'2018-02-20 09:17:32','admin','admin','2018-02-20 09:17:32',0,0,'2015 Tax Audit Assistance',NULL,0,0,'HBS / Elisa','2017-01-01 07:00:00','096/BOI/GCS/III/2017','',1,0,NULL,2,'2015 Tax Audit Assistance',1,0,69),(97,'2018-02-20 09:17:32','admin','admin','2018-02-20 09:17:32',0,0,'Individual Tax Compliance Services  Preparation of Annual Individual Tax Returns  Fiscal Year 2016',NULL,1,1,'IB / Febi','2017-01-01 07:00:00','097/MUL/GCS/III/2017','',1,1,NULL,2,'Individual Tax Compliance Services  Preparation of Annual Individual Tax Returns  Fiscal Year 2016',1,0,70),(98,'2018-02-20 09:17:32','admin','admin','2018-02-20 09:17:32',0,0,'Preparation of Three-Tiered Approach to Transfer Pricing Documentation  2016',NULL,1,1,'Felic / Febi','2017-01-01 07:00:00','098/SL/GCS/III/2017','',1,1,NULL,2,'Preparation of Three-Tiered Approach to Transfer Pricing Documentation  2016',1,0,71),(99,'2018-02-20 09:17:32','admin','admin','2018-02-20 09:17:32',0,0,'Preparation of 2016 Annual Individual Tax Return',NULL,1,1,'Irma / Febi','2017-01-01 07:00:00','099/ABN/GCS/III/2017','',1,1,NULL,2,'Preparation of 2016 Annual Individual Tax Return',1,0,72),(100,'2018-02-20 09:17:32','admin','admin','2018-02-20 09:17:32',0,0,'Tax Advisory',NULL,1,1,'HBS / Elisa','2017-01-01 07:00:00','100/MSK/GCS/III/2017','',1,1,NULL,2,'Tax Advisory',1,0,73),(101,'2018-02-20 09:17:32','admin','admin','2018-02-20 09:17:32',0,0,'Preparation of 2016 Annual Corporate Income Tax Return and Tax Advisory',NULL,1,1,'FAC/Maria','2017-01-01 07:00:00','101/MI/GCS/III/2017','',1,1,NULL,2,'Preparation of 2016 Annual Corporate Income Tax Return and Tax Advisory',1,0,74),(102,'2018-02-20 09:17:32','admin','admin','2018-02-20 09:17:32',0,0,'TP 2016',NULL,1,1,'Felic/Maria','2017-01-01 07:00:00','102/CMD/GCS/III/2017','',1,1,NULL,2,'TP 2016',1,0,75),(103,'2018-02-20 09:17:32','admin','admin','2018-02-20 09:17:32',0,0,'Preparation of 2016 Annual Corporate Income Tax Return',NULL,1,1,'Yoan/Maria','2017-01-01 07:00:00','103/WG/GCS/III/2017','',1,1,NULL,2,'Preparation of 2016 Annual Corporate Income Tax Return',1,0,76),(104,'2018-02-20 09:17:32','admin','admin','2018-02-20 09:17:32',0,0,'Value Added Tax Review Assistances for Year 2016',NULL,0,0,'Yoan/Maria','2017-01-01 07:00:00','104/WG/GCS/III/2017','',1,0,NULL,2,'Value Added Tax Review Assistances for Year 2016',1,0,76),(105,'2018-02-20 09:17:32','admin','admin','2018-02-20 09:17:32',0,0,'TP 2016',NULL,0,0,'IDM / Febi','2017-01-01 07:00:00','105/AG/GCS/III/2017','',1,0,NULL,2,'TP 2016',1,0,77),(106,'2018-02-20 09:17:32','admin','admin','2018-02-20 09:17:32',0,0,'TP 2016',NULL,1,1,'JW/Maria','2017-01-01 07:00:00','106/WG/GCS/III/2017','',1,1,NULL,2,'TP 2016',1,0,76),(107,'2018-02-20 09:17:32','admin','admin','2018-02-20 09:17:32',0,0,'TP 2016',NULL,0,0,'JT / Febi','2017-01-01 07:00:00','107/JG/GCS/III/2017','',1,0,NULL,2,'TP 2016',1,0,78),(108,'2018-02-20 09:17:32','admin','admin','2018-02-20 09:17:32',0,0,'TP 2016',NULL,0,0,'','2017-01-01 07:00:00','108/IJT/GCS/III/2017','',1,0,NULL,2,'TP 2016',1,0,79),(109,'2018-02-20 09:17:32','admin','admin','2018-02-20 09:17:32',0,0,'TP 2016',NULL,1,1,'CO / Maria','2017-01-01 07:00:00','109/IBS/GCS/III/2017','',1,1,NULL,2,'TP 2016',1,0,80),(110,'2018-02-20 09:17:32','admin','admin','2018-02-20 09:17:32',0,0,'Customs Services Year 2017 ',NULL,1,1,'JT/Febi','2017-01-01 07:00:00','110/MAA/GCS/III/2017','',1,1,NULL,2,'Customs Services Year 2017 ',1,0,81),(111,'2018-02-20 09:17:32','admin','admin','2018-02-20 09:17:32',0,0,'Tax Amnesty',NULL,0,0,'HBS / Elisa','2017-01-01 07:00:00','111/UEM/GCS/III/2017','',1,0,NULL,2,'Tax Amnesty',1,0,82),(112,'2018-02-20 09:17:32','admin','admin','2018-02-20 09:17:32',0,0,'Corporate Income Tax Audit Assistance  Fiscal Year 2015',NULL,1,1,'CO/Febi','2017-01-01 07:00:00','112/ TFI/GCS/III/2017','',1,1,NULL,2,'Corporate Income Tax Audit Assistance  Fiscal Year 2015',1,0,83),(113,'2018-02-20 09:17:32','admin','admin','2018-02-20 09:17:32',0,0,'Preparation of 2016 Annual Corporate Income Tax Return',NULL,1,1,'CO/Febi','2017-01-01 07:00:00','113/ TFI/GCS/III/2017','',1,1,NULL,2,'Preparation of 2016 Annual Corporate Income Tax Return',1,0,83),(114,'2018-02-20 09:17:32','admin','admin','2018-02-20 09:17:32',0,0,'TP 2016',NULL,0,0,'HBS/Elisa','2017-01-01 07:00:00','114/SICP/GCS/III/2017','',1,0,NULL,2,'TP 2016',1,0,84),(115,'2018-02-20 09:17:32','admin','admin','2018-02-20 09:17:32',0,0,'TP 2016',NULL,0,0,'HBS/Lyna','2017-01-01 07:00:00','115/SIGI/GCS/III/2017','',1,0,NULL,2,'TP 2016',1,0,85),(116,'2018-02-20 09:17:32','admin','admin','2018-02-20 09:17:32',0,0,'TP 2016',NULL,0,0,'HBS/Elisa','2017-01-01 07:00:00','116/MCI/GCS/III/2017','',1,0,NULL,2,'TP 2016',1,0,86),(117,'2018-02-20 09:17:32','admin','admin','2018-02-20 09:17:32',0,0,'TP 2016',NULL,1,1,'Felic/CO','2017-01-01 07:00:00','117/AM/GCS/III/2017','',1,1,NULL,2,'TP 2016',1,0,87),(118,'2018-02-20 09:17:32','admin','admin','2018-02-20 09:17:32',0,0,'TP 2016',NULL,1,1,'Felic/CO','2017-01-01 07:00:00','118/AP/GCS/III/2017','',1,1,NULL,2,'TP 2016',1,0,88),(119,'2018-02-20 09:17:32','admin','admin','2018-02-20 09:17:32',0,0,'TP 2016',NULL,1,1,'Felic/CO','2017-01-01 07:00:00','119/AM/GCS/III/2017','',1,1,NULL,2,'TP 2016',1,0,89),(120,'2018-02-20 09:17:32','admin','admin','2018-02-20 09:17:32',0,0,'TP 2016',NULL,1,1,'Felic/CO','2017-01-01 07:00:00','120/AS/GCS/III/2017','',1,1,NULL,2,'TP 2016',1,0,90),(121,'2018-02-20 09:17:32','admin','admin','2018-02-20 09:17:32',0,0,'TP 2016',NULL,1,1,'Felic/CO','2017-01-01 07:00:00','121/BNM/GCS/III/2017','',1,1,NULL,2,'TP 2016',1,0,91),(122,'2018-02-20 09:17:32','admin','admin','2018-02-20 09:17:32',0,0,'TP 2016',NULL,1,1,'Felic/CO','2017-01-01 07:00:00','122/BA/GCS/III/2017','',1,1,NULL,2,'TP 2016',1,0,92),(123,'2018-02-20 09:17:32','admin','admin','2018-02-20 09:17:32',0,0,'TP 2016',NULL,1,1,'Felic/CO','2017-01-01 07:00:00','123/BAS/GCS/III/2017','',1,1,NULL,2,'TP 2016',1,0,93),(124,'2018-02-20 09:17:32','admin','admin','2018-02-20 09:17:32',0,0,'TP 2016',NULL,1,1,'Felic/CO','2017-01-01 07:00:00','124/BWM/GCS/III/2017','',1,1,NULL,2,'TP 2016',1,0,94),(125,'2018-02-20 09:17:32','admin','admin','2018-02-20 09:17:32',0,0,'TP 2016',NULL,1,1,'Felic/CO','2017-01-01 07:00:00','125/BSP/GCS/III/2017','',1,1,NULL,2,'TP 2016',1,0,95),(126,'2018-02-20 09:17:32','admin','admin','2018-02-20 09:17:32',0,0,'TP 2016',NULL,1,1,'Felic/CO','2017-01-01 07:00:00','126/BL/GCS/III/2017','',1,1,NULL,2,'TP 2016',1,0,96),(127,'2018-02-20 09:17:32','admin','admin','2018-02-20 09:17:32',0,0,'TP 2016',NULL,1,1,'Felic/CO','2017-01-01 07:00:00','127/BL/GCS/III/2017','',1,1,NULL,2,'TP 2016',1,0,97),(128,'2018-02-20 09:17:32','admin','admin','2018-02-20 09:17:32',0,0,'TP 2016',NULL,1,1,'Felic/CO','2017-01-01 07:00:00','128/CG/GCS/III/2017','',1,1,NULL,2,'TP 2016',1,0,98),(129,'2018-02-20 09:17:32','admin','admin','2018-02-20 09:17:32',0,0,'TP 2016',NULL,1,1,'Felic/CO','2017-01-01 07:00:00','129/DMS/GCS/III/2017','',1,1,NULL,2,'TP 2016',1,0,99),(130,'2018-02-20 09:17:32','admin','admin','2018-02-20 09:17:32',0,0,'TP 2016',NULL,1,1,'Felic/CO','2017-01-01 07:00:00','130/DSL/GCS/III/2017','',1,1,NULL,2,'TP 2016',1,0,100),(131,'2018-02-20 09:17:32','admin','admin','2018-02-20 09:17:32',0,0,'TP 2016',NULL,1,1,'Felic/CO','2017-01-01 07:00:00','131/FD/GCS/III/2017','',1,1,NULL,2,'TP 2016',1,0,101),(132,'2018-02-20 09:17:32','admin','admin','2018-02-20 09:17:32',0,0,'TP 2016',NULL,1,1,'Felic/CO','2017-01-01 07:00:00','132/ITL/GCS/III/2017','',1,1,NULL,2,'TP 2016',1,0,102),(133,'2018-02-20 09:17:32','admin','admin','2018-02-20 09:17:32',0,0,'TP 2016',NULL,1,1,'Felic/CO','2017-01-01 07:00:00','133/KPC/GCS/III/2017','',1,1,NULL,2,'TP 2016',1,0,103),(134,'2018-02-20 09:17:32','admin','admin','2018-02-20 09:17:32',0,0,'TP 2016',NULL,1,1,'Felic/CO','2017-01-01 07:00:00','134/KGP/GCS/III/2017','',1,1,NULL,2,'TP 2016',1,0,104),(135,'2018-02-20 09:17:32','admin','admin','2018-02-20 09:17:32',0,0,'TP 2016',NULL,1,0,'Felic/CO','2017-01-01 07:00:00','135/KDA/GCS/III/2017','',1,0,NULL,2,'TP 2016',1,0,105),(136,'2018-02-20 09:17:32','admin','admin','2018-02-20 09:17:32',0,0,'TP 2016',NULL,1,1,'Felic/CO','2017-01-01 07:00:00','136/LWI/GCS/III/2017','',1,1,NULL,2,'TP 2016',1,0,106),(137,'2018-02-20 09:17:32','admin','admin','2018-02-20 09:17:32',0,0,'TP 2016',NULL,1,1,'Felic/CO','2017-01-01 07:00:00','137/MI/GCS/III/2017','',1,1,NULL,2,'TP 2016',1,0,107),(138,'2018-02-20 09:17:32','admin','admin','2018-02-20 09:17:32',0,0,'TP 2016',NULL,1,1,'Felic/CO','2017-01-01 07:00:00','138/MA/GCS/III/2017','',1,1,NULL,2,'TP 2016',1,0,108),(139,'2018-02-20 09:17:32','admin','admin','2018-02-20 09:17:32',0,0,'TP 2016',NULL,1,0,'Felic/CO','2017-01-01 07:00:00','139/PBB/GCS/III/2017','',1,0,NULL,2,'TP 2016',1,0,109),(140,'2018-02-20 09:17:32','admin','admin','2018-02-20 09:17:32',0,0,'TP 2016',NULL,1,1,'Felic/CO','2017-01-01 07:00:00','140/PIP/GCS/III/2017','',1,1,NULL,2,'TP 2016',1,0,110),(141,'2018-02-20 09:17:32','admin','admin','2018-02-20 09:17:32',0,0,'TP 2016',NULL,1,1,'Felic/CO','2017-01-01 07:00:00','141/PGM/GCS/III/2017','',1,1,NULL,2,'TP 2016',1,0,111),(142,'2018-02-20 09:17:32','admin','admin','2018-02-20 09:17:32',0,0,'TP 2016',NULL,1,1,'Felic/CO','2017-01-01 07:00:00','142/PP/GCS/III/2017','',1,1,NULL,2,'TP 2016',1,0,112),(143,'2018-02-20 09:17:32','admin','admin','2018-02-20 09:17:32',0,0,'TP 2016',NULL,1,1,'Felic/CO','2017-01-01 07:00:00','143/RP/GCS/III/2017','',1,1,NULL,2,'TP 2016',1,0,113),(144,'2018-02-20 09:17:32','admin','admin','2018-02-20 09:17:32',0,0,'TP 2016',NULL,1,1,'Felic/CO','2017-01-01 07:00:00','144/SJA/GCS/III/2017','',1,1,NULL,2,'TP 2016',1,0,114),(145,'2018-02-20 09:17:32','admin','admin','2018-02-20 09:17:32',0,0,'TP 2016',NULL,1,1,'Felic/CO','2017-01-01 07:00:00','145/SKU/GCS/III/2017','',1,1,NULL,2,'TP 2016',1,0,115),(146,'2018-02-20 09:17:32','admin','admin','2018-02-20 09:17:32',0,0,'TP 2016',NULL,1,1,'Felic/CO','2017-01-01 07:00:00','146/SM/GCS/III/2017','',1,1,NULL,2,'TP 2016',1,0,116),(147,'2018-02-20 09:17:32','admin','admin','2018-02-20 09:17:32',0,0,'TP 2016',NULL,1,1,'Felic/CO','2017-01-01 07:00:00','147/SKIP/GCS/III/2017','',1,1,NULL,2,'TP 2016',1,0,117),(148,'2018-02-20 09:17:32','admin','admin','2018-02-20 09:17:32',0,0,'TP 2016',NULL,1,1,'Felic/CO','2017-01-01 07:00:00','148/SMSA/GCS/III/2017','',1,1,NULL,2,'TP 2016',1,0,118),(149,'2018-02-20 09:17:32','admin','admin','2018-02-20 09:17:32',0,0,'TP 2016',NULL,1,1,'Felic/CO','2017-01-01 07:00:00','149/SDN/GCS/III/2017','',1,1,NULL,2,'TP 2016',1,0,119),(150,'2018-02-20 09:17:32','admin','admin','2018-02-20 09:17:32',0,0,'TP 2016',NULL,1,1,'Felic/CO','2017-01-01 07:00:00','150/SM/GCS/III/2017','',1,1,NULL,2,'TP 2016',1,0,120),(151,'2018-02-20 09:17:32','admin','admin','2018-02-20 09:17:32',0,0,'TP 2016',NULL,1,1,'Felic/CO','2017-01-01 07:00:00','151/SIP/GCS/III/2017','',1,1,NULL,2,'TP 2016',1,0,30),(152,'2018-02-20 09:17:32','admin','admin','2018-02-20 09:17:32',0,0,'TP 2016',NULL,1,1,'Felic/CO','2017-01-01 07:00:00','152/SAU/GCS/III/2017','',1,1,NULL,2,'TP 2016',1,0,121),(153,'2018-02-20 09:17:32','admin','admin','2018-02-20 09:17:32',0,0,'TP 2016',NULL,1,1,'Felic/CO','2017-01-01 07:00:00','153/TN/GCS/III/2017','',1,1,NULL,2,'TP 2016',1,0,122),(154,'2018-02-20 09:17:32','admin','admin','2018-02-20 09:17:32',0,0,'TP 2016',NULL,1,1,'Felic/CO','2017-01-01 07:00:00','154/AS/GCS/III/2017','',1,1,NULL,2,'TP 2016',1,0,123),(155,'2018-02-20 09:17:32','admin','admin','2018-02-20 09:17:32',0,0,'TP 2016',NULL,1,1,'Felic/CO','2017-01-01 07:00:00','155/BA/GCS/III/2017','',1,1,NULL,2,'TP 2016',1,0,124),(156,'2018-02-20 09:17:32','admin','admin','2018-02-20 09:17:32',0,0,'TP 2016',NULL,1,1,'Felic/CO','2017-01-01 07:00:00','156/IMT/GCS/III/2017','',1,1,NULL,2,'TP 2016',1,0,125),(157,'2018-02-20 09:17:32','admin','admin','2018-02-20 09:17:32',0,0,'TP 2016',NULL,1,1,'Felic/CO','2017-01-01 07:00:00','157/PS/GCS/III/2017','',1,1,NULL,2,'TP 2016',1,0,126),(158,'2018-02-20 09:17:32','admin','admin','2018-02-20 09:17:32',0,0,'TP 2016',NULL,1,1,'Felic/CO','2017-01-01 07:00:00','158/SMS/GCS/III/2017','',1,1,NULL,2,'TP 2016',1,0,127),(159,'2018-02-20 09:17:32','admin','admin','2018-02-20 09:17:32',0,0,'TP 2016',NULL,1,1,'Felic/CO','2017-01-01 07:00:00','159/SMART/GCS/III/2017','',1,1,NULL,2,'TP 2016',1,0,128),(160,'2018-02-20 09:17:32','admin','admin','2018-02-20 09:17:32',0,0,'TP 2016',NULL,0,0,'JW/IDM','2017-01-01 07:00:00','160/MAA/GCS/III/2017','',0,0,NULL,2,'TP 2016',1,0,129),(161,'2018-02-20 09:17:32','admin','admin','2018-02-20 09:17:32',0,0,'TP 2016',NULL,0,0,'JW/IDM','2017-01-01 07:00:00','161/SSI/GCS/III/2017','',0,0,NULL,2,'TP 2016',1,0,130),(162,'2018-02-20 09:17:32','admin','admin','2018-02-20 09:17:32',0,0,'TP 2016',NULL,0,0,'JW/IDM','2017-01-01 07:00:00','162/MT/GCS/III/2017','',0,0,NULL,2,'TP 2016',1,0,131),(163,'2018-02-20 09:17:32','admin','admin','2018-02-20 09:17:32',0,0,'Bonded Zone',NULL,0,0,'JT/Febi','2017-01-01 07:00:00','163/CI/GCS/III/2017','',1,0,NULL,2,'Bonded Zone',1,0,132),(164,'2018-02-20 09:17:32','admin','admin','2018-02-20 09:17:32',0,0,'TP 2016',NULL,0,0,'HBS/Felic','2017-01-01 07:00:00','164/SB/GCS/III/2017','',1,0,NULL,2,'TP 2016',1,0,133),(165,'2018-02-20 09:17:32','admin','admin','2018-02-20 09:17:32',0,0,'TP 2016',NULL,0,0,'HBS/Felic','2017-01-01 07:00:00','165/SS/GCS/III/2017','',1,0,NULL,2,'TP 2016',1,0,134),(166,'2018-02-20 09:17:32','admin','admin','2018-02-20 09:17:32',0,0,'Preparation of Year 2016 Corporate Income Tax Return ',NULL,1,1,'HBS/SP','2017-01-01 07:00:00','166/WBI/GCS/III/2017','',1,1,NULL,2,'Preparation of Year 2016 Corporate Income Tax Return ',1,0,68),(167,'2018-02-20 09:17:32','admin','admin','2018-02-20 09:17:32',0,0,'Preparation of Year 2016 Corporate Income Tax Return ',NULL,1,1,'HBS/SP','2017-01-01 07:00:00','167/WIT+BOS/GCS/III/2017','',1,1,NULL,2,'Preparation of Year 2016 Corporate Income Tax Return ',1,0,135),(168,'2018-02-20 09:17:32','admin','admin','2018-02-20 09:17:32',0,0,'Preparation of the 2016 Annual Corporate Income Tax Return',NULL,0,0,'AN/AW','2017-01-01 07:00:00','168/TRC/GCS/III/2017','',1,0,NULL,2,'Preparation of the 2016 Annual Corporate Income Tax Return',1,0,12),(169,'2018-02-20 09:17:32','admin','admin','2018-02-20 09:17:32',0,0,'Assistance Service of Tax Objection Application for Value Added Tax Period of Januari to November Fiscal Year 2012 and 2013.',NULL,0,0,'AN/AW','2017-01-01 07:00:00','169/H3I/GCS/III/2017','',1,0,NULL,2,'Assistance Service of Tax Objection Application for Value Added Tax Period of Januari to November Fiscal Year 2012 and 2013.',1,0,136),(170,'2018-02-20 09:17:32','admin','admin','2018-02-20 09:17:32',0,0,'TP 2016',NULL,0,0,'IDM/JL','2017-01-01 07:00:00','170/AAS/GCS/III/2017','',1,0,NULL,2,'TP 2016',1,0,137),(171,'2018-02-20 09:17:32','admin','admin','2018-02-20 09:17:32',0,0,'CITR 2016. 2017. Change of Y/E, Amendment CITR 2015',NULL,0,0,'AN / Lyna','2017-01-01 07:00:00','171/YTL/GCS/III/2017','',1,0,NULL,2,'CITR 2016. 2017. Change of Y/E, Amendment CITR 2015',1,0,138),(172,'2018-02-20 09:17:32','admin','admin','2018-02-20 09:17:32',0,0,'Tax Objection',NULL,0,0,'RS / Febi','2017-01-01 07:00:00','172/NI/GCS/III/2017','',1,0,NULL,2,'Tax Objection',1,0,139),(173,'2018-02-20 09:17:32','admin','admin','2018-02-20 09:17:32',0,0,'TP 2016',NULL,1,1,'AN/FAC','2017-01-01 07:00:00','173/CI/GCS/III/2017','',1,1,NULL,2,'TP 2016',1,0,46),(174,'2018-02-20 09:17:32','admin','admin','2018-02-20 09:17:32',0,0,'Tax Advisory on Merchandise Purchase Transaction Scheme',NULL,1,1,'RS/JW','2017-01-01 07:00:00','174/OAA/GCS/III/2017','',1,1,NULL,2,'Tax Advisory on Merchandise Purchase Transaction Scheme',1,0,40),(175,'2018-02-20 09:17:32','admin','admin','2018-02-20 09:17:32',0,0,'Preparation of Individual Tax Return  Year 2016',NULL,1,1,'HBS/EY','2017-01-01 07:00:00','175/IS/GCS/III/2017 ','',1,1,NULL,2,'Preparation of Individual Tax Return  Year 2016',1,0,140),(176,'2018-02-20 09:17:32','admin','admin','2018-02-20 09:17:32',0,0,'Preparation of Individual Tax Returns Year 2016 ',NULL,1,1,'CO/EY','2017-01-01 07:00:00','176/OR/GCS/III/2017 ','',1,1,NULL,2,'Preparation of Individual Tax Returns Year 2016 ',1,0,141),(177,'2018-02-20 09:17:32','admin','admin','2018-02-20 09:17:32',0,0,'TP 2016',NULL,0,0,'IDM','2017-01-01 07:00:00','177/ASI/GCS/III/2017','',1,0,NULL,2,'TP 2016',1,0,142),(178,'2018-02-20 09:17:32','admin','admin','2018-02-20 09:17:32',0,0,'Tax Services for period July 01st, 2017  December 31st, 2017',NULL,0,0,'AN/EA','2017-01-01 07:00:00','178/FI/GCS/III/2017','',1,0,NULL,2,'Tax Services for period July 01st, 2017  December 31st, 2017',1,0,143),(179,'2018-02-20 09:17:32','admin','admin','2018-02-20 09:17:32',0,0,'Individual Tax Consultation  Tax Amnesty Program December 2016',NULL,1,1,'CO/EY','2017-01-01 07:00:00','179/MSAI/GCS/III/2017','',1,1,NULL,2,'Individual Tax Consultation  Tax Amnesty Program December 2016',1,0,141),(180,'2018-02-20 09:17:32','admin','admin','2018-02-20 09:17:32',0,0,'Tax Due Diligence Review Year 2014 - 2016',NULL,1,1,'CO/EY','2017-01-01 07:00:00','180/FRV/GCS/III/2017','',1,1,NULL,2,'Tax Due Diligence Review Year 2014 - 2016',1,0,144),(181,'2018-02-20 09:17:32','admin','admin','2018-02-20 09:17:32',0,0,'Preparation of 2016 Annual Individual Tax Return (SPT 1770S)',NULL,0,0,'CO/FAC','2017-01-01 07:00:00','181/MF/GCS/III/2017','',1,0,NULL,2,'Preparation of 2016 Annual Individual Tax Return (SPT 1770S)',1,0,145),(182,'2018-02-20 09:17:32','admin','admin','2018-02-20 09:17:32',0,0,'Jasa Konsultasi Perpajakan ',NULL,0,0,'HBS','2017-01-01 07:00:00','182/REI/GCS/III/2017','',1,0,NULL,2,'Jasa Konsultasi Perpajakan ',1,0,146),(183,'2018-02-20 09:17:32','admin','admin','2018-02-20 09:17:32',0,0,'Tax Services ',NULL,1,1,'HBS/FAC','2017-01-01 07:00:00','183/GTA/GCS/III/2017','',1,1,NULL,2,'Tax Services ',1,0,32),(184,'2018-02-20 09:17:32','admin','admin','2018-02-20 09:17:32',0,0,'Tax Services ',NULL,1,1,'HBS/FAC','2017-01-01 07:00:00','184/GTSI/GCS/III/2017','',1,1,NULL,2,'Tax Services ',1,0,147),(185,'2018-02-20 09:17:32','admin','admin','2018-02-20 09:17:32',0,0,'Customs Appeal Assistance Year 2017',NULL,1,1,'AN/JT','2017-01-01 07:00:00','185/UT/GCS/III/2017','',1,1,NULL,2,'Customs Appeal Assistance Year 2017',1,0,148),(186,'2018-02-20 09:17:32','admin','admin','2018-02-20 09:17:32',0,0,'Individual Tax Consultation  Tax Amnesty Program',NULL,1,1,'CO/EY','2017-01-01 07:00:00','186/MSAI/GCS/III/2017','',1,1,NULL,2,'Individual Tax Consultation  Tax Amnesty Program',1,0,141),(187,'2018-02-20 09:17:32','admin','admin','2018-02-20 09:17:32',0,0,'TP FY 2016',NULL,0,0,'DAD/Maria','2017-01-01 07:00:00','187/API/GCS/III/2017','',1,0,NULL,2,'TP FY 2016',1,0,149),(188,'2018-02-20 09:17:32','admin','admin','2018-02-20 09:17:32',0,0,'TP FY 2016',NULL,0,0,'DAD/Maria','2017-01-01 07:00:00','188/SWP/GCS/III/2017','',1,0,NULL,2,'TP FY 2016',1,0,150),(189,'2018-02-20 09:17:32','admin','admin','2018-02-20 09:17:32',0,0,'TP FY 2016',NULL,0,0,'DAD/Maria','2017-01-01 07:00:00','189/PS/GCS/III/2017','',1,0,NULL,2,'TP FY 2016',1,0,151),(190,'2018-02-20 09:17:32','admin','admin','2018-02-20 09:17:32',0,0,'TP FY 2016',NULL,0,0,'DAD/Maria','2017-01-01 07:00:00','190/AMA/GCS/III/2017','',1,0,NULL,2,'TP FY 2016',1,0,152),(191,'2018-02-20 09:17:32','admin','admin','2018-02-20 09:17:32',0,0,'TP FY 2016',NULL,0,0,'DAD/Maria','2017-01-01 07:00:00','191/AKS/GCS/III/2017','',1,0,NULL,2,'TP FY 2016',1,0,153),(192,'2018-02-20 09:17:32','admin','admin','2018-02-20 09:17:32',0,0,'TP FY 2016',NULL,0,0,'DAD/Maria','2017-01-01 07:00:00','192/KLKA/GCS/III/2017','',1,0,NULL,2,'TP FY 2016',1,0,154),(193,'2018-02-20 09:17:32','admin','admin','2018-02-20 09:17:32',0,0,'TP FY 2016',NULL,0,0,'DAD/Maria','2017-01-01 07:00:00','193/HHM/GCS/III/2017','',1,0,NULL,2,'TP FY 2016',1,0,155),(194,'2018-02-20 09:17:32','admin','admin','2018-02-20 09:17:32',0,0,'TP FY 2016',NULL,0,0,'DAD/Maria','2017-01-01 07:00:00','194/MP/GCS/III/2017','',1,0,NULL,2,'TP FY 2016',1,0,156),(195,'2018-02-20 09:17:32','admin','admin','2018-02-20 09:17:32',0,0,'TP FY 2016',NULL,0,0,'DAD/Maria','2017-01-01 07:00:00','195/SSD/GCS/III/2017','',1,0,NULL,2,'TP FY 2016',1,0,157),(196,'2018-02-20 09:17:32','admin','admin','2018-02-20 09:17:32',0,0,'TP FY 2016',NULL,0,0,'DAD/Maria','2017-01-01 07:00:00','196/JEK/GCS/III/2017','',1,0,NULL,2,'TP FY 2016',1,0,158),(197,'2018-02-20 09:17:32','admin','admin','2018-02-20 09:17:32',0,0,'TP FY 2016',NULL,0,0,'DAD/Maria','2017-01-01 07:00:00','197/ASM/GCS/III/2017','',1,0,NULL,2,'TP FY 2016',1,0,159),(198,'2018-02-20 09:17:32','admin','admin','2018-02-20 09:17:32',0,0,'TP FY 2016',NULL,0,0,'DAD/Maria','2017-01-01 07:00:00','198/MAP/GCS/III/2017','',1,0,NULL,2,'TP FY 2016',1,0,160),(199,'2018-02-20 09:17:32','admin','admin','2018-02-20 09:17:32',0,0,'TP FY 2016',NULL,0,0,'DAD/Maria','2017-01-01 07:00:00','199/KMA/GCS/III/2017','',1,0,NULL,2,'TP FY 2016',1,0,161),(200,'2018-02-20 09:17:32','admin','admin','2018-02-20 09:17:32',0,0,'TP FY 2016',NULL,0,0,'DAD/Maria','2017-01-01 07:00:00','200/MJSP/GCS/III/2017','',1,0,NULL,2,'TP FY 2016',1,0,162),(201,'2018-02-20 09:17:32','admin','admin','2018-02-20 09:17:32',0,0,'TP FY 2016',NULL,0,0,'DAD/Maria','2017-01-01 07:00:00','201/LNK/GCS/III/2017','',1,0,NULL,2,'TP FY 2016',1,0,163),(202,'2018-02-20 09:17:32','admin','admin','2018-02-20 09:17:32',0,0,'TP 2016',NULL,1,1,'HBS/IDM','2017-01-01 07:00:00','202/ES/GS/III/2017','',1,1,NULL,2,'TP 2016',1,0,164),(203,'2018-02-20 09:17:32','admin','admin','2018-02-20 09:17:32',0,0,'Tax Service in relation to the closing down of PT Hightech Indonesia ',NULL,1,1,'HBS','2017-01-01 07:00:00','203/HI/GCS/III/2017','',1,1,NULL,2,'Tax Service in relation to the closing down of PT Hightech Indonesia ',1,0,165),(204,'2018-02-20 09:17:32','admin','admin','2018-02-20 09:17:32',0,0,'Tax Amnesty Program',NULL,1,1,'JT/WAN','2017-01-01 07:00:00','204/FS/GCS/III/2017','',1,1,NULL,2,'Tax Amnesty Program',1,0,166),(205,'2018-02-20 09:17:32','admin','admin','2018-02-20 09:17:32',0,0,'Bantuan Perpajakan  Penegasan Perlakuan Pajak terkait dengan Kontrak Investasi Kolektif Efek Beragun Aset (KIK-EBA) Tahun 2017',NULL,0,0,'CO/EY','2017-01-01 07:00:00','205/IDP/GCS/III/2017','',1,0,NULL,2,'Bantuan Perpajakan  Penegasan Perlakuan Pajak terkait dengan Kontrak Investasi Kolektif Efek Beragun Aset (KIK-EBA) Tahun 2017',1,0,14),(206,'2018-02-20 09:17:32','admin','admin','2018-02-20 09:17:32',0,0,'Tax Advisory Services',NULL,0,0,'RS/JW','2017-01-01 07:00:00','206/AJT/GCS/III/2017','',1,0,NULL,2,'Tax Advisory Services',1,0,167),(207,'2018-02-20 09:17:32','admin','admin','2018-02-20 09:17:32',0,0,'Tax/ Accounting Services ',NULL,0,0,'HBS/IB','2017-01-01 07:00:00','207/HEI/GCS/III/2017','',1,0,NULL,2,'Tax/ Accounting Services ',1,0,168),(208,'2018-02-20 09:17:32','admin','admin','2018-02-20 09:17:32',0,0,'TP 2016',NULL,1,1,'CO/FS','2017-01-01 07:00:00','208/DSJ/GCS/III/2017','',1,1,NULL,2,'TP 2016',1,0,169),(209,'2018-02-20 09:17:32','admin','admin','2018-02-20 09:17:32',0,0,'TP 2016',NULL,1,1,'CO/FS','2017-01-01 07:00:00','209/ST/GCS/III/2017','',1,1,NULL,2,'TP 2016',1,0,170),(210,'2018-02-20 09:17:32','admin','admin','2018-02-20 09:17:32',0,0,'TP 2016',NULL,1,1,'CO/FS','2017-01-01 07:00:00','210/ST/GCS/III/2017','',1,1,NULL,2,'TP 2016',1,0,171),(211,'2018-02-20 09:17:32','admin','admin','2018-02-20 09:17:32',0,0,'TP 2016',NULL,1,1,'HBS/BPS','2017-01-01 07:00:00','211/ITPI/GCS/IV/2017','',1,1,NULL,2,'TP 2016',1,0,172),(212,'2018-02-20 09:17:32','admin','admin','2018-02-20 09:17:32',0,0,'TP 2016',NULL,1,0,'CO/FS','2017-01-01 07:00:00','212/MF/GCS/IV/2017','',1,0,NULL,2,'TP 2016',1,0,145),(213,'2018-02-20 09:17:32','admin','admin','2018-02-20 09:17:32',0,0,'TP 2016',NULL,0,0,'CO/FS','2017-01-01 07:00:00','213/BI/GNV/IV/2017','',1,0,NULL,2,'TP 2016',1,0,173),(214,'2018-02-20 09:17:32','admin','admin','2018-02-20 09:17:32',0,0,'TP 2016',NULL,0,0,'CO/FS','2017-01-01 07:00:00','214/FI/GNV/IV/2017','',1,0,NULL,2,'TP 2016',1,0,174),(215,'2018-02-20 09:17:32','admin','admin','2018-02-20 09:17:32',0,0,'TP 2016',NULL,0,0,'CO/FS','2017-01-01 07:00:00','215/LAP/GCS/IV/2017','',1,0,NULL,2,'TP 2016',1,0,175),(216,'2018-02-20 09:17:32','admin','admin','2018-02-20 09:17:32',0,0,'TP 2016',NULL,0,0,'CO/FS','2017-01-01 07:00:00','216/MFD/GCS/IV/2017','',1,0,NULL,2,'TP 2016',1,0,176),(217,'2018-02-20 09:17:32','admin','admin','2018-02-20 09:17:32',0,0,'TP 2016',NULL,0,0,'CO/FS','2017-01-01 07:00:00','217/PF/GCS/IV/2017','',1,0,NULL,2,'TP 2016',1,0,177),(218,'2018-02-20 09:17:32','admin','admin','2018-02-20 09:17:32',0,0,'TP 2016',NULL,0,0,'CO/FS','2017-01-01 07:00:00','218/QI/GCS/IV/2017','',1,0,NULL,2,'TP 2016',1,0,178),(219,'2018-02-20 09:17:32','admin','admin','2018-02-20 09:17:32',0,0,'TP 2016',NULL,0,0,'CO/FS','2017-01-01 07:00:00','219/SCI/GCS/IV/2017','',1,0,NULL,2,'TP 2016',1,0,179),(220,'2018-02-20 09:17:32','admin','admin','2018-02-20 09:17:32',0,0,'TP 2016',NULL,0,0,'CO/FS','2017-01-01 07:00:00','220/TI/GCS/IV/2017','',1,0,NULL,2,'TP 2016',1,0,180),(221,'2018-02-20 09:17:32','admin','admin','2018-02-20 09:17:32',0,0,'Preparation of Transfer Pricing Documentation Service  Fiscal Year 2016',NULL,0,0,'CO/FS','2017-01-01 07:00:00','221/MPG/GCS/IV/2017','',1,0,NULL,2,'Preparation of Transfer Pricing Documentation Service  Fiscal Year 2016',1,0,181),(222,'2018-02-20 09:17:32','admin','admin','2018-02-20 09:17:32',0,0,'Preparation of Transfer Pricing Documentation Service  Fiscal Year 2016',NULL,0,0,'CO/FS','2017-01-01 07:00:00','222/AK/GCS/IV/2017','',1,0,NULL,2,'Preparation of Transfer Pricing Documentation Service  Fiscal Year 2016',1,0,7),(223,'2018-02-20 09:17:32','admin','admin','2018-02-20 09:17:32',0,0,'TP 2016',NULL,1,1,'CO/Felic','2017-01-01 07:00:00','223/DSG/GCS/IV/2017','',1,1,NULL,2,'TP 2016',1,0,182),(224,'2018-02-20 09:17:32','admin','admin','2018-02-20 09:17:32',0,0,'VAT Review 2016',NULL,1,1,'DN/Febi','2017-01-01 07:00:00','224/CI/GCS/IV/2017','',1,1,NULL,2,'VAT Review 2016',1,0,183),(225,'2018-02-20 09:17:32','admin','admin','2018-02-20 09:17:32',0,0,'CITR 2016',NULL,1,1,'DN/Febi','2017-01-01 07:00:00','225/CI/GCS/IV/2017','',1,1,NULL,2,'CITR 2016',1,0,183),(226,'2018-02-20 09:17:32','admin','admin','2018-02-20 09:17:32',0,0,'Tax Audit 2015',NULL,0,0,'BPS/Febi','2017-01-01 07:00:00','226/TFI/GCS/IV/2017','',1,0,NULL,2,'Tax Audit 2015',1,0,184),(227,'2018-02-20 09:17:32','admin','admin','2018-02-20 09:17:32',0,0,'SPT 1771 2016',NULL,0,0,'BPS/Febi','2017-01-01 07:00:00','227/TFI/GCS/IV/2017','',1,0,NULL,2,'SPT 1771 2016',1,0,184),(228,'2018-02-20 09:17:33','admin','admin','2018-02-20 09:17:33',0,0,'Tax Audit 2012',NULL,0,0,'HBS/Maria','2017-01-01 07:00:00','228/AACI/GCS/IV/2017','',1,0,NULL,2,'Tax Audit 2012',1,0,185),(229,'2018-02-20 09:17:33','admin','admin','2018-02-20 09:17:33',0,0,'TP 2015',NULL,1,1,'DN/Febi','2017-01-01 07:00:00','229/SOEM/GCS/IV/2017','',1,1,NULL,2,'TP 2015',1,0,186),(230,'2018-02-20 09:17:33','admin','admin','2018-02-20 09:17:33',0,0,'Annual CITR 2016',NULL,0,0,'Yoan/Maria','2017-01-01 07:00:00','230/HWI/GCS/IV/2017','',1,0,NULL,2,'Annual CITR 2016',1,0,187),(231,'2018-02-20 09:17:33','admin','admin','2018-02-20 09:17:33',0,0,'TP 2016',NULL,1,1,'CO/Maria','2017-01-01 07:00:00','231/AEL/GCS/IV/2017','',1,1,NULL,2,'TP 2016',1,0,188),(232,'2018-02-20 09:17:33','admin','admin','2018-02-20 09:17:33',0,0,'TP 2016',NULL,0,0,'Felic/Lyna','2017-01-01 07:00:00','232/DSS/GCS/IV/2017','',1,0,NULL,2,'TP 2016',1,0,189),(233,'2018-02-20 09:17:33','admin','admin','2018-02-20 09:17:33',0,0,'TP 2016',NULL,1,1,'DN/Febi','2017-01-01 07:00:00','233/ABN/GCS/IV/2017','',1,1,NULL,2,'TP 2016',1,0,190),(234,'2018-02-20 09:17:33','admin','admin','2018-02-20 09:17:33',0,0,'Tax Objeciton and Appeal',NULL,1,1,'JT/Febi','2017-01-01 07:00:00','234/AFW/GCS/IV/2017','',1,1,NULL,2,'Tax Objeciton and Appeal',1,0,191),(235,'2018-02-20 09:17:33','admin','admin','2018-02-20 09:17:33',0,0,'Tax Advisory 2017',NULL,0,0,'FAB/Maria','2017-01-01 07:00:00','235/AEA/GCS/IV/2017','',1,0,NULL,2,'Tax Advisory 2017',1,0,192),(236,'2018-02-20 09:17:33','admin','admin','2018-02-20 09:17:33',0,0,'Individual Income Tax Compliance',NULL,1,1,'IB/Febi','2017-01-01 07:00:00','236/MULII/GCS/IV/2017','',1,1,NULL,2,'Individual Income Tax Compliance',1,0,193),(237,'2018-02-20 09:17:33','admin','admin','2018-02-20 09:17:33',0,0,'TP 2015',NULL,1,1,'Felic/Maria','2017-01-01 07:00:00','237/IMT/GCS/IV/2017','',1,1,NULL,2,'TP 2015',1,0,125),(238,'2018-02-20 09:17:33','admin','admin','2018-02-20 09:17:33',0,0,'TP 2016',NULL,0,0,'DN/Febi','2017-01-01 07:00:00','238/II/GCS/IV/2017','',1,0,NULL,2,'TP 2016',1,0,194),(239,'2018-02-20 09:17:33','admin','admin','2018-02-20 09:17:33',0,0,'Tax Review 2017 and CITR 2016',NULL,1,1,'JW/Maria','2017-01-01 07:00:00','239/LI/GCS/IV/2017','',1,1,NULL,2,'Tax Review 2017 and CITR 2016',1,0,10),(240,'2018-02-20 09:17:33','admin','admin','2018-02-20 09:17:33',0,0,'Tax Audit 2015',NULL,1,1,'Felic/Sisca','2017-01-01 07:00:00','240/NI/GCS/IV/2017','',1,1,NULL,2,'Tax Audit 2015',1,0,139),(241,'2018-02-20 09:17:33','admin','admin','2018-02-20 09:17:33',0,0,'TP 2015',NULL,1,1,'IDM/Anni','2017-01-01 07:00:00','241/LWI/GCS/IV/2017','',1,1,NULL,2,'TP 2015',1,0,106),(242,'2018-02-20 09:17:33','admin','admin','2018-02-20 09:17:33',0,0,'TP 2016',NULL,1,1,'JW/Maria','2017-01-01 07:00:00','242/GIAP/GCS/IV/2017','',1,1,NULL,2,'TP 2016',1,0,195),(243,'2018-02-20 09:17:33','admin','admin','2018-02-20 09:17:33',0,0,'Tax Objeciton and Appeal 2012',NULL,0,0,'JW/Maria','2017-01-01 07:00:00','243/NEC/GCS/IV/2017','',1,0,NULL,2,'Tax Objeciton and Appeal 2012',1,0,28),(244,'2018-02-20 09:17:33','admin','admin','2018-02-20 09:17:33',0,0,'Supreme Court 2011',NULL,1,1,'JW/Maria','2017-01-01 07:00:00','244/PJC/GCS/IV/2017','',1,1,NULL,2,'Supreme Court 2011',1,0,196),(245,'2018-02-20 09:17:33','admin','admin','2018-02-20 09:17:33',0,0,'SPT 1770 2016',NULL,0,0,'IB/Anni','2017-01-01 07:00:00','245/CWTI/GCS/IV/2017','',1,0,NULL,2,'SPT 1770 2016',1,0,197),(246,'2018-02-20 09:17:33','admin','admin','2018-02-20 09:17:33',0,0,'Tax Advisory 2017',NULL,1,1,'FAB/Maria','2017-01-01 07:00:00','246/SGN/GCS/IV/2017','',1,1,NULL,2,'Tax Advisory 2017',1,0,198),(247,'2018-02-20 09:17:33','admin','admin','2018-02-20 09:17:33',0,0,'TP Update 2016',NULL,0,0,'IDM/Anni','2017-01-01 07:00:00','247/SAI/GCS/IV/2017','',1,0,NULL,2,'TP Update 2016',1,0,199),(248,'2018-02-20 09:17:33','admin','admin','2018-02-20 09:17:33',0,0,'Monthly Tax Compliance',NULL,1,1,'IB/Anni','2017-01-01 07:00:00','248/IS/GCS/IV/2017','',1,1,NULL,2,'Monthly Tax Compliance',1,0,140),(249,'2018-02-20 09:17:33','admin','admin','2018-02-20 09:17:33',0,0,'Review of CITR 2015',NULL,1,1,'JW/Maria','2017-01-01 07:00:00','249/LI/GCS/IV/2017','',1,1,NULL,2,'Review of CITR 2015',1,0,10),(250,'2018-02-20 09:17:33','admin','admin','2018-02-20 09:17:33',0,0,'TP 2016',NULL,0,0,'IDM/Anni','2017-01-01 07:00:00','250/MNC/GCS/IV/2017','',1,0,NULL,2,'TP 2016',1,0,200),(251,'2018-02-20 09:17:33','admin','admin','2018-02-20 09:17:33',0,0,'CITR 2016',NULL,1,1,'CD/Maria','2017-01-01 07:00:00','251/TDE/GCS/IV/2017','',1,1,NULL,2,'CITR 2016',1,0,201),(252,'2018-02-20 09:17:33','admin','admin','2018-02-20 09:17:33',0,0,'TP 2016',NULL,1,1,'JT/Anni','2017-01-01 07:00:00','252/MI/GCS/IV/2017','',1,1,NULL,2,'TP 2016',1,0,202),(253,'2018-02-20 09:17:33','admin','admin','2018-02-20 09:17:33',0,0,'PT 2016',NULL,1,1,'JT/Anni','2017-01-01 07:00:00','253/TNII/GCS/IV/2017','',1,1,NULL,2,'PT 2016',1,0,203),(254,'2018-02-20 09:17:33','admin','admin','2018-02-20 09:17:33',0,0,'Business License',NULL,1,1,'JT/Anni','2017-01-01 07:00:00','254/AICA/GCS/IV/2017','',1,1,NULL,2,'Business License',1,0,204),(255,'2018-02-20 09:17:33','admin','admin','2018-02-20 09:17:33',0,0,'TP 2016',NULL,0,0,'IDM/Febi','2017-01-01 07:00:00','255/SSI/GCS/IV/2017','',1,0,NULL,2,'TP 2016',1,0,205),(256,'2018-02-20 09:17:33','admin','admin','2018-02-20 09:17:33',0,0,'Konsultasi Perpajakan 2017',NULL,0,0,'AW/Maria','2017-01-01 07:00:00','256/H31/GCS/IV/2017','',1,0,NULL,2,'Konsultasi Perpajakan 2017',1,0,206),(257,'2018-02-20 09:17:33','admin','admin','2018-02-20 09:17:33',0,0,'2016 Annual CITR & Tax Audit',NULL,1,0,'Lyna','2017-01-01 07:00:00','257/RPC/GCS/IV/2017','',1,0,NULL,2,'2016 Annual CITR & Tax Audit',1,0,207),(258,'2018-02-20 09:17:33','admin','admin','2018-02-20 09:17:33',0,0,'Konsultasi Perpajakan  ',NULL,1,1,'FAB/Maria','2017-01-01 07:00:00','258/SMI/GCS/IV/2017','',1,1,NULL,2,'Konsultasi Perpajakan  ',1,0,208),(259,'2018-02-20 09:17:33','admin','admin','2018-02-20 09:17:33',0,0,'CITR 2016',NULL,1,1,'JW/Maria','2017-01-01 07:00:00','259/WS/GCS/IV/2017','',1,1,NULL,2,'CITR 2016',1,0,209),(260,'2018-02-20 09:17:33','admin','admin','2018-02-20 09:17:33',0,0,'Transfer Pricing FX 2016',NULL,1,1,'JW/Maria','2017-01-01 07:00:00','260/WS/GCS/IV/2017','',1,1,NULL,2,'Transfer Pricing FX 2016',1,0,209),(261,'2018-02-20 09:17:33','admin','admin','2018-02-20 09:17:33',0,0,'2010 VAT Appeal',NULL,1,0,'RS / Elisa','2017-01-01 07:00:00','261/NI/GCS/IV/2017','',1,0,NULL,2,'2010 VAT Appeal',1,0,139),(262,'2018-02-20 09:17:33','admin','admin','2018-02-20 09:17:33',0,0,'2014 Tax Objection & Appeal',NULL,1,1,'RS / Elisa','2017-01-01 07:00:00','262/NI/GCS/IV/2017','',1,1,NULL,2,'2014 Tax Objection & Appeal',1,0,139),(263,'2018-02-20 09:17:33','admin','admin','2018-02-20 09:17:33',0,0,'2016 SPT 1770',NULL,1,0,'HBS / Elisa','2017-01-01 07:00:00','263/KEC/GCS/IV/2017','',1,0,NULL,2,'2016 SPT 1770',1,0,210),(264,'2018-02-20 09:17:33','admin','admin','2018-02-20 09:17:33',0,0,'Monthly & CITR 2017',NULL,1,0,'HBS / Elisa','2017-01-01 07:00:00','264/KEC/GCS/IV/2017','',1,0,NULL,2,'Monthly & CITR 2017',1,0,210),(265,'2018-02-20 09:17:33','admin','admin','2018-02-20 09:17:33',0,0,'TP  FY 2016',NULL,1,1,'Felic / Siska','2017-01-01 07:00:00','265/UIC/GCS/IV/2017','',1,1,NULL,2,'TP  FY 2016',1,0,211),(266,'2018-02-20 09:17:33','admin','admin','2018-02-20 09:17:33',0,0,'Objection and Appeal 2015',NULL,1,0,'HBS / Elisa','2017-01-01 07:00:00','266/BNP/GCS/IV/2017','',1,0,NULL,2,'Objection and Appeal 2015',1,0,212),(267,'2018-02-20 09:17:33','admin','admin','2018-02-20 09:17:33',0,0,'CITR-Y 2016',NULL,1,1,'AW / Febi','2017-01-01 07:00:00','267/LBMI/GCS/IV/2017','',1,1,NULL,2,'CITR-Y 2016',1,0,213),(268,'2018-02-20 09:17:33','admin','admin','2018-02-20 09:17:33',0,0,'TP 2016',NULL,1,1,'Felic / Siska','2017-01-01 07:00:00','268/JCI/GCS/IV/2017','',1,1,NULL,2,'TP 2016',1,0,9),(269,'2018-02-20 09:17:33','admin','admin','2018-02-20 09:17:33',0,0,'CITR 2016',NULL,1,0,'JW / Febi','2017-01-01 07:00:00','269/CIJ/GCS/IV/2017','',1,0,NULL,2,'CITR 2016',1,0,60),(270,'2018-02-20 09:17:33','admin','admin','2018-02-20 09:17:33',0,0,'TP 2016',NULL,1,1,'BPS / Anni','2017-01-01 07:00:00','270/PJC/GCS/IV/2017','',1,1,NULL,2,'TP 2016',1,0,196),(271,'2018-02-20 09:17:33','admin','admin','2018-02-20 09:17:33',0,0,'Banding dan Gugatan',NULL,1,0,'HBS / Putri','2017-01-01 07:00:00','271/REI/GCS/IV/2017','',1,0,NULL,2,'Banding dan Gugatan',1,0,146),(272,'2018-02-20 09:17:33','admin','admin','2018-02-20 09:17:33',0,0,'TP 2016',NULL,1,0,'IDM / Anni','2017-01-01 07:00:00','272/AJT/GCS/IV/2017','',1,0,NULL,2,'TP 2016',1,0,167),(273,'2018-02-20 09:17:33','admin','admin','2018-02-20 09:17:33',0,0,'Tax Advisory 2017',NULL,1,0,'BPS /Anni','2017-01-01 07:00:00','273/EI/GCS/IV/2017','',1,0,NULL,2,'Tax Advisory 2017',1,0,214),(274,'2018-02-20 09:17:33','admin','admin','2018-02-20 09:17:33',0,0,'TP 2016',NULL,1,1,'DAD / Febi','2017-01-01 07:00:00','274/ANR/GCS/IV/2017','',1,1,NULL,2,'TP 2016',1,0,215),(275,'2018-02-20 09:17:33','admin','admin','2018-02-20 09:17:33',0,0,'VAT Review 2014-2016 & CITR 2016',NULL,1,0,'JW / Febi','2017-01-01 07:00:00','275/APM/GCS/V/2017','',1,0,NULL,2,'VAT Review 2014-2016 & CITR 2016',1,0,216),(276,'2018-02-20 09:17:33','admin','admin','2018-02-20 09:17:33',0,0,'Peninjauan Kembali (PK)',NULL,1,1,'FAC / Febi','2017-01-01 07:00:00','276/SI/GCS/V/2017','',1,1,NULL,2,'Peninjauan Kembali (PK)',1,0,217),(277,'2018-02-20 09:17:33','admin','admin','2018-02-20 09:17:33',0,0,'TP FY 2016',NULL,1,1,'Felic / Siska','2017-01-01 07:00:00','277/AEI/GCS/V/2017','',1,1,NULL,2,'TP FY 2016',1,0,218),(278,'2018-02-20 09:17:33','admin','admin','2018-02-20 09:17:33',0,0,'Tax Audit July 2015-June 2016',NULL,1,1,'JW / Febi','2017-01-01 07:00:00','278/RNSI/GCS/V/2017','',1,1,NULL,2,'Tax Audit July 2015-June 2016',1,0,219),(279,'2018-02-20 09:17:33','admin','admin','2018-02-20 09:17:33',0,0,'VAT Appeal March 2014',NULL,1,1,'AW / Febi','2017-01-01 07:00:00','279/AMB/GCS/V/2017','',1,1,NULL,2,'VAT Appeal March 2014',1,0,220),(280,'2018-02-20 09:17:33','admin','admin','2018-02-20 09:17:33',0,0,'TP FY 2016',NULL,1,1,'Felic / Siska','2017-01-01 07:00:00','280/SMT/GCS/V/2017','',1,1,NULL,2,'TP FY 2016',1,0,221),(281,'2018-02-20 09:17:33','admin','admin','2018-02-20 09:17:33',0,0,'TP FY 2016',NULL,1,1,'Felic / Siska','2017-01-01 07:00:00','281/PA/GCS/V/2017','',1,1,NULL,2,'TP FY 2016',1,0,222),(282,'2018-02-20 09:17:33','admin','admin','2018-02-20 09:17:33',0,0,'TP FY 2016',NULL,1,1,'Felic / Siska','2017-01-01 07:00:00','282/PL/GCS/V/2017','',1,1,NULL,2,'TP FY 2016',1,0,223),(283,'2018-02-20 09:17:33','admin','admin','2018-02-20 09:17:33',0,0,'TP FY 2016',NULL,1,1,'Felic / Siska','2017-01-01 07:00:00','283/PD/GCS/V/2017','',1,1,NULL,2,'TP FY 2016',1,0,224),(284,'2018-02-20 09:17:33','admin','admin','2018-02-20 09:17:33',0,0,'TP FY 2016',NULL,0,0,'Felic / Siska','2017-01-01 07:00:00','284/AEON/GCS/V/2017','',0,0,NULL,2,'TP FY 2016',1,0,225),(285,'2018-02-20 09:17:33','admin','admin','2018-02-20 09:17:33',0,0,'TP FY 2016',NULL,1,1,'Felic / Siska','2017-01-01 07:00:00','285/BKS/GCS/V/2017','',1,1,NULL,2,'TP FY 2016',1,0,226),(286,'2018-02-20 09:17:33','admin','admin','2018-02-20 09:17:33',0,0,'TP FY 2016',NULL,1,1,'Felic / Siska','2017-01-01 07:00:00','286/BSD/GCS/V/2017','',1,1,NULL,2,'TP FY 2016',1,0,227),(287,'2018-02-20 09:17:33','admin','admin','2018-02-20 09:17:33',0,0,'TP FY 2016',NULL,1,1,'Felic / Siska','2017-01-01 07:00:00','287/DP/GCS/V/2017','',1,1,NULL,2,'TP FY 2016',1,0,228),(288,'2018-02-20 09:17:33','admin','admin','2018-02-20 09:17:33',0,0,'TP FY 2016',NULL,1,0,'Felic / Siska','2017-01-01 07:00:00','288/IIE/GCS/V/2017','',1,0,NULL,2,'TP FY 2016',1,0,229),(289,'2018-02-20 09:17:33','admin','admin','2018-02-20 09:17:33',0,0,'TP FY 2016',NULL,1,1,'Felic / Siska','2017-01-01 07:00:00','289/PM/GCS/V/2017','',1,1,NULL,2,'TP FY 2016',1,0,230),(290,'2018-02-20 09:17:33','admin','admin','2018-02-20 09:17:33',0,0,'TP FY 2016',NULL,1,1,'Felic / Siska','2017-01-01 07:00:00','290/PS/GCS/V/2017','',1,1,NULL,2,'TP FY 2016',1,0,231),(291,'2018-02-20 09:17:33','admin','admin','2018-02-20 09:17:33',0,0,'TP FY 2016',NULL,1,1,'Felic / Siska','2017-01-01 07:00:00','291/RO/GCS/V/2017','',1,1,NULL,2,'TP FY 2016',1,0,232),(292,'2018-02-20 09:17:33','admin','admin','2018-02-20 09:17:33',0,0,'TP 2016',NULL,1,1,'RS / Elisa','2017-01-01 07:00:00','292/TI/GCS/V/2017','',1,1,NULL,2,'TP 2016',1,0,233),(293,'2018-02-20 09:17:33','admin','admin','2018-02-20 09:17:33',0,0,'TP FY 2016',NULL,1,1,'Felic / Siska','2017-01-01 07:00:00','293/WIM/GCS/V/2017','',1,1,NULL,2,'TP FY 2016',1,0,234),(294,'2018-02-20 09:17:33','admin','admin','2018-02-20 09:17:33',0,0,'TP FY 2016',NULL,1,1,'Felic / Siska','2017-01-01 07:00:00','294/GD/GCS/V/2017','',1,1,NULL,2,'TP FY 2016',1,0,235),(295,'2018-02-20 09:17:33','admin','admin','2018-02-20 09:17:33',0,0,'TP FY 2016',NULL,1,1,'Felic / Siska','2017-01-01 07:00:00','295/GJ/GCS/V/2017','',1,1,NULL,2,'TP FY 2016',1,0,236),(296,'2018-02-20 09:17:33','admin','admin','2018-02-20 09:17:33',0,0,'Tax Services',NULL,0,0,'EA / Anni','2017-01-01 07:00:00','296/DIM/GCS/V/2017','',0,0,NULL,2,'Tax Services',1,0,3),(297,'2018-02-20 09:17:33','admin','admin','2018-02-20 09:17:33',0,0,'Keberatan dan Banding Pajak Tahun 2015',NULL,1,0,'HBS / Elisa','2017-01-01 07:00:00','297/RIU/GCS/V/2017','',1,0,NULL,2,'Keberatan dan Banding Pajak Tahun 2015',1,0,146),(298,'2018-02-20 09:17:33','admin','admin','2018-02-20 09:17:33',0,0,'KIK EBA Ruling 1',NULL,1,0,'CO / Febi','2017-01-01 07:00:00','298/IDP/GCS/V/2017','',1,0,NULL,2,'KIK EBA Ruling 1',1,0,14),(299,'2018-02-20 09:17:33','admin','admin','2018-02-20 09:17:33',0,0,'KIK EBA Ruling 2',NULL,1,0,'CO / Febi','2017-01-01 07:00:00','299/IDP/GCS/V/2017','',1,0,NULL,2,'KIK EBA Ruling 2',1,0,14),(300,'2018-02-20 09:17:33','admin','admin','2018-02-20 09:17:33',0,0,'TP FY 2016',NULL,1,1,'CO / Siska','2017-01-01 07:00:00','300/IPM/GCS/V/2017','',1,1,NULL,2,'TP FY 2016',1,0,237),(301,'2018-02-20 09:17:33','admin','admin','2018-02-20 09:17:33',0,0,'TP FY 2016',NULL,1,1,'CO / Siska','2017-01-01 07:00:00','301/II/GCS/V/2017','',1,1,NULL,2,'TP FY 2016',1,0,238),(302,'2018-02-20 09:17:33','admin','admin','2018-02-20 09:17:33',0,0,'TP FY 2016',NULL,1,1,'CO / Siska','2017-01-01 07:00:00','302/IJF/GCS/V/2017','',1,1,NULL,2,'TP FY 2016',1,0,239),(303,'2018-02-20 09:17:33','admin','admin','2018-02-20 09:17:33',0,0,'TP FY 2016',NULL,1,1,'CO / Siska','2017-01-01 07:00:00','303/IFS/GCS/V/2017','',1,1,NULL,2,'TP FY 2016',1,0,240),(304,'2018-02-20 09:17:33','admin','admin','2018-02-20 09:17:33',0,0,'TP 2016',NULL,1,1,'BPS /Anni','2017-01-01 07:00:00','304/AS/GCS/V/2017','',1,1,NULL,2,'TP 2016',1,0,241),(305,'2018-02-20 09:17:33','admin','admin','2018-02-20 09:17:33',0,0,'Tax Advisory 2017',NULL,1,1,'FAC / Febi','2017-01-01 07:00:00','305/GI/GCS/V/2017','',1,1,NULL,2,'Tax Advisory 2017',1,0,242),(306,'2018-02-20 09:17:33','admin','admin','2018-02-20 09:17:33',0,0,'2015/2016 CITR',NULL,1,1,'HBS / Elisa','2017-01-01 07:00:00','306/SPI/GCS/V/2017','',1,1,NULL,2,'2015/2016 CITR',1,0,243),(307,'2018-02-20 09:17:33','admin','admin','2018-02-20 09:17:33',0,0,'Supreme Court Contra Memory',NULL,1,0,'EA / Anni','2017-01-01 07:00:00','307/BNGL/GCS/V/2017','',1,0,NULL,2,'Supreme Court Contra Memory',1,0,244),(308,'2018-02-20 09:17:33','admin','admin','2018-02-20 09:17:33',0,0,'Tax Services 2017',NULL,1,1,'EA / Anni','2017-01-01 07:00:00','308/DS/GCS/V/2017','',1,1,NULL,2,'Tax Services 2017',1,0,245),(309,'2018-02-20 09:17:33','admin','admin','2018-02-20 09:17:33',0,0,'Transfer Pricing Service 2014 ',NULL,1,1,'IDM / Anni','2017-01-01 07:00:00','309/ALI/GCS/V/2017','',1,1,NULL,2,'Transfer Pricing Service 2014 ',1,0,50),(310,'2018-02-20 09:17:33','admin','admin','2018-02-20 09:17:33',0,0,'Judicial Review FY 2009 Supreme Coart Contra Memory',NULL,1,1,'Febi/AW','2017-01-01 07:00:00','310/SRMI/GCS/V/2017','',1,1,NULL,2,'Judicial Review FY 2009 Supreme Coart Contra Memory',1,0,246),(311,'2018-02-20 09:17:33','admin','admin','2018-02-20 09:17:33',0,0,'TP Study 2015',NULL,1,0,'Anni/IDM','2017-01-01 07:00:00','311/ALI/GCS/V/2017','',1,0,NULL,2,'TP Study 2015',1,0,50),(312,'2018-02-20 09:17:33','admin','admin','2018-02-20 09:17:33',0,0,'TP study 2016',NULL,1,0,'Anni/IDM','2017-01-01 07:00:00','312/SMOE/GCS/V/2017','',1,0,NULL,2,'TP study 2016',1,0,186),(313,'2018-02-20 09:17:33','admin','admin','2018-02-20 09:17:33',0,0,'Keberatan dan Banding Pajak',NULL,1,0,'Putri/HBS','2017-01-01 07:00:00','313/MIP/GCS/V/2017','',1,0,NULL,2,'Keberatan dan Banding Pajak',1,0,247),(314,'2018-02-20 09:17:33','admin','admin','2018-02-20 09:17:33',0,0,'TP 2016',NULL,1,1,'Siska/Felic','2017-01-01 07:00:00','314/KMK/GCS/V/2017','',1,1,NULL,2,'TP 2016',1,0,248),(315,'2018-02-20 09:17:33','admin','admin','2018-02-20 09:17:33',0,0,'TP 2016',NULL,1,0,'Siska/Felic','2017-01-01 07:00:00','315/GF/GCS/V/2017','',1,0,NULL,2,'TP 2016',1,0,249),(316,'2018-02-20 09:17:33','admin','admin','2018-02-20 09:17:33',0,0,'TP 2016',NULL,1,1,'Siska/Felic','2017-01-01 07:00:00','316/HTM/GCS/V/2017','',1,1,NULL,2,'TP 2016',1,0,250),(317,'2018-02-20 09:17:33','admin','2014011','2018-04-03 14:25:58',0,0,'Tax Audit 2013-2014',NULL,0,0,'Putri/HBS','2017-01-01 00:00:00','317/BB/GCS/V/2017',NULL,0,0,NULL,2,'Tax Audit 2013-2014',1,0,39),(318,'2018-02-20 09:17:33','admin','admin','2018-02-20 09:17:33',0,0,'VAT for Period of April, June, November 2016',NULL,1,1,'Putri/AN','2017-01-01 07:00:00','318/AMB/GCS/V/2017','',1,1,NULL,2,'VAT for Period of April, June, November 2016',1,0,251),(319,'2018-02-20 09:17:33','admin','admin','2018-02-20 09:17:33',0,0,'Tax Advisory 2017',NULL,1,1,'Elisa/RS','2017-01-01 07:00:00','319/OAA/GCS/V/2017','',1,1,NULL,2,'Tax Advisory 2017',1,0,40),(320,'2018-02-20 09:17:33','admin','admin','2018-02-20 09:17:33',0,0,'Tax Audit FY 2015',NULL,1,0,'Anni/JT','2017-01-01 07:00:00','320/AIP/GCS/VI/2017','',1,0,NULL,2,'Tax Audit FY 2015',1,0,252),(321,'2018-02-20 09:17:33','admin','admin','2018-02-20 09:17:33',0,0,'Tax Audit FY 2015',NULL,1,0,'Anni/JT','2017-01-01 07:00:00','321/KL/GCS/VI/2017','',1,0,NULL,2,'Tax Audit FY 2015',1,0,253),(322,'2018-02-20 09:17:33','admin','admin','2018-02-20 09:17:33',0,0,'Tax Audit FY 2015',NULL,1,0,'Anni/JT','2017-01-01 07:00:00','322/SH/GCS/VI/2017','',1,0,NULL,2,'Tax Audit FY 2015',1,0,254),(323,'2018-02-20 09:17:33','admin','admin','2018-02-20 09:17:33',0,0,'Tax Audit FY 2015',NULL,1,0,'Anni/JT','2017-01-01 07:00:00','323/TS/GCS/VI/2017','',1,0,NULL,2,'Tax Audit FY 2015',1,0,255),(324,'2018-02-20 09:17:33','admin','admin','2018-02-20 09:17:33',0,0,'Tax Audit FY 2015',NULL,1,0,'Anni/JT','2017-01-01 07:00:00','324/TMP/GCS/VI/2017','',1,0,NULL,2,'Tax Audit FY 2015',1,0,256),(325,'2018-02-20 09:17:33','admin','admin','2018-02-20 09:17:33',0,0,'TP 2016',NULL,1,0,'Anni/IDM','2017-01-01 07:00:00','325/KG/GCS/VI/2017','',1,0,NULL,2,'TP 2016',1,0,257),(326,'2018-02-20 09:17:33','admin','admin','2018-02-20 09:17:33',0,0,'TP 2016',NULL,1,0,'Febi/DAD','2017-01-01 07:00:00','326/BGE/GCS/VI/2017','',1,0,NULL,2,'TP 2016',1,0,37),(327,'2018-02-20 09:17:33','admin','admin','2018-02-20 09:17:33',0,0,'TP 2016',NULL,1,0,'Febi/DAD','2017-01-01 07:00:00','327/VBL/GCS/VI/2017','',1,0,NULL,2,'TP 2016',1,0,258),(328,'2018-02-20 09:17:33','admin','admin','2018-02-20 09:17:33',0,0,'Tax Objection & Appeal 2015',NULL,1,0,'DAD / Putri','2017-01-01 07:00:00','328/III/GCS/VI/2017','',1,0,NULL,2,'Tax Objection & Appeal 2015',1,0,53),(329,'2018-02-20 09:17:33','admin','admin','2018-02-20 09:17:33',0,0,'Tax Review 2017  ',NULL,1,0,'JW / Febi','2017-01-01 07:00:00','329/CIJ/GCS/VI/2017','',1,0,NULL,2,'Tax Review 2017  ',1,0,60),(330,'2018-02-20 09:17:33','admin','admin','2018-02-20 09:17:33',0,0,'Tax Advisory 2017',NULL,1,0,'RS / Elisa','2017-01-01 07:00:00','330/AMNT/GCS/VI/2017','',1,0,NULL,2,'Tax Advisory 2017',1,0,259),(331,'2018-02-20 09:17:33','admin','admin','2018-02-20 09:17:33',0,0,'Tax Liquidation/Services',NULL,1,0,'CO / Febi','2017-01-01 07:00:00','331/ANGL/GCS/VI/2017','',1,0,NULL,2,'Tax Liquidation/Services',1,0,260),(332,'2018-02-20 09:17:33','admin','admin','2018-02-20 09:17:33',0,0,'Tax Advisory 2017',NULL,1,1,'RS / Elisa','2017-01-01 07:00:00','332/PCM/GCS/VI/2017','',1,1,NULL,2,'Tax Advisory 2017',1,0,261),(333,'2018-02-20 09:17:33','admin','admin','2018-02-20 09:17:33',0,0,'TP FY 2016',NULL,1,0,'Felic / Siska','2017-01-01 07:00:00','333/JG/GCS/VI/2017','',1,0,NULL,2,'TP FY 2016',1,0,78),(334,'2018-02-20 09:17:33','admin','admin','2018-02-20 09:17:33',0,0,'2016 SPT 1771',NULL,1,1,'AN/AW','2017-01-01 07:00:00','334/LFBMI/GCS/VI/2017','',1,1,NULL,2,'2016 SPT 1771',1,0,262),(335,'2018-02-20 09:17:33','admin','admin','2018-02-20 09:17:33',0,0,'Tax/Employment Advisory',NULL,1,1,'IB/HBS','2017-01-01 07:00:00','335/KLI/GCS/VI/2017','',1,1,NULL,2,'Tax/Employment Advisory',1,0,263),(336,'2018-02-20 09:17:33','admin','admin','2018-02-20 09:17:33',0,0,'Tax Advisory 2017',NULL,1,0,'RS / Elisa','2017-01-01 07:00:00','336/PPB/GCS/VI/2017','',1,0,NULL,2,'Tax Advisory 2017',1,0,264),(337,'2018-02-20 09:17:33','admin','admin','2018-02-20 09:17:33',0,0,'Tax Advisory 2017',NULL,1,0,'CO / Febi','2017-01-01 07:00:00','337/AD/GCS/VI/2017','',1,0,NULL,2,'Tax Advisory 2017',1,0,265),(338,'2018-02-20 09:17:33','admin','admin','2018-02-20 09:17:33',0,0,'Tax Advisory Services',NULL,1,0,'CO / Febi','2017-01-01 07:00:00','338/DSI/GCS/VI/2017','',1,0,NULL,2,'Tax Advisory Services',1,0,266),(339,'2018-02-20 09:17:33','admin','admin','2018-02-20 09:17:33',0,0,'Customs Diagnostic Review',NULL,1,0,'JT / Anni','2017-01-01 07:00:00','339/PZS/GCS/VI/2017','',1,0,NULL,2,'Customs Diagnostic Review',1,0,267),(340,'2018-02-20 09:17:33','admin','admin','2018-02-20 09:17:33',0,0,'Customs Services on Bonded Zone',NULL,1,0,'JT / Anni','2017-01-01 07:00:00','340/PZC/GCS/VI/2017','',1,0,NULL,2,'Customs Services on Bonded Zone',1,0,267),(341,'2018-02-20 09:17:33','admin','admin','2018-02-20 09:17:33',0,0,'TP FY 2016',NULL,1,0,'Felic / Siska','2017-01-01 07:00:00','341/PPP/GCS/VI/2017','',1,0,NULL,2,'TP FY 2016',1,0,268),(342,'2018-02-20 09:17:33','admin','admin','2018-02-20 09:17:33',0,0,'TP FY 2016',NULL,1,0,'Felic / Siska','2017-01-01 07:00:00','342/TPP/GCS/VI/2017','',1,0,NULL,2,'TP FY 2016',1,0,269),(343,'2018-02-20 09:17:33','admin','admin','2018-02-20 09:17:33',0,0,'Customs Services Year 2017 ',NULL,1,0,'JT/Anni','2017-01-01 07:00:00','343/MAA/GCS/VII/2017','',1,0,NULL,2,'Customs Services Year 2017 ',1,0,81),(344,'2018-02-20 09:17:33','admin','admin','2018-02-20 09:17:33',0,0,'Tax Consultant Services',NULL,1,0,'AN/JW','2017-01-01 07:00:00','344/HWI/GCS/VII/2017','',1,0,NULL,2,'Tax Consultant Services',1,0,270),(345,'2018-02-20 09:17:33','admin','admin','2018-02-20 09:17:33',0,0,'Tax Audit Services Year 2016',NULL,1,0,'IDM/JW','2017-01-01 07:00:00','345/WG/GCS/VII/2017','',1,0,NULL,2,'Tax Audit Services Year 2016',1,0,76),(346,'2018-02-20 09:17:33','admin','admin','2018-02-20 09:17:33',0,0,'Amendment  of Preparation of Individual Tax Return  Year 2016',NULL,1,1,'HBS/IB','2017-01-01 07:00:00','346/IS/GCS/VII/2017 ','',1,1,NULL,2,'Amendment  of Preparation of Individual Tax Return  Year 2016',1,0,140),(347,'2018-02-20 09:17:33','admin','admin','2018-02-20 09:17:33',0,0,'TP 2016',NULL,0,0,'CO/FS','2017-01-01 07:00:00','347/SUM/GCS/VII/2017','',1,0,NULL,2,'TP 2016',1,0,271),(348,'2018-02-20 09:17:33','admin','admin','2018-02-20 09:17:33',0,0,'TP 2016',NULL,0,0,'CO/FS','2017-01-01 07:00:00','348/SUJ/GCS/VII/2017','',1,0,NULL,2,'TP 2016',1,0,65),(349,'2018-02-20 09:17:33','admin','admin','2018-02-20 09:17:33',0,0,'TP 2016',NULL,0,0,'CO/FS','2017-01-01 07:00:00','349/SMS/GCS/VII/2017','',1,0,NULL,2,'TP 2016',1,0,272),(350,'2018-02-20 09:17:33','admin','admin','2018-02-20 09:17:33',0,0,'TP 2016',NULL,1,1,'CO/FS','2017-01-01 07:00:00','350/MPIE/GCS/VII/2017','',1,1,NULL,2,'TP 2016',1,0,273),(351,'2018-02-20 09:17:33','admin','admin','2018-02-20 09:17:33',0,0,'TP 2016',NULL,1,1,'CO/FS','2017-01-01 07:00:00','351/KTIE/GCS/VII/2017','',1,1,NULL,2,'TP 2016',1,0,274),(352,'2018-02-20 09:17:33','admin','admin','2018-02-20 09:17:33',0,0,'TP 2016',NULL,1,1,'CO/FS','2017-01-01 07:00:00','352/HABS/GCS/VII/2017','',1,1,NULL,2,'TP 2016',1,0,275),(353,'2018-02-20 09:17:33','admin','admin','2018-02-20 09:17:33',0,0,'TP 2016',NULL,0,0,'IDM/DAD','2017-01-01 07:00:00','353/IPS/GCS/VII/2017','',1,0,NULL,2,'TP 2016',1,0,276),(354,'2018-02-20 09:17:33','admin','2014011','2018-04-03 14:29:10',0,0,'Pemeriksaan Pajak dan pencabutan NPWP untuk Kantor Cabang',NULL,0,0,'HBS/Anni','2017-01-01 00:00:00','354/BB/GCS/VII/2017',NULL,0,0,NULL,2,'Pemeriksaan Pajak dan pencabutan NPWP untuk Kantor Cabang',1,0,277),(355,'2018-02-20 09:17:33','admin','admin','2018-02-20 09:17:33',0,0,'Assistance of VAT Audit Year 2015 and Tax Audit of Year 2015 Annual Corporate Income Tax Return ',NULL,0,0,'BPS/Anni','2017-01-01 07:00:00','355/DSG/GCS/VII/2017','',1,0,NULL,2,'Assistance of VAT Audit Year 2015 and Tax Audit of Year 2015 Annual Corporate Income Tax Return ',1,0,278),(356,'2018-02-20 09:17:33','admin','admin','2018-02-20 09:17:33',0,0,'2015 Tax Objection Assistance ',NULL,0,0,'CO/FAC','2017-01-01 07:00:00','356/SI/GCS/VII/2017','',1,0,NULL,2,'2015 Tax Objection Assistance ',1,0,217),(357,'2018-02-20 09:17:33','admin','admin','2018-02-20 09:17:33',0,0,'Tax Services  Assistance in Value Added Tax Refund - Period of January to December 2017',NULL,0,0,'CO/FAC','2017-01-01 07:00:00','357/AEL/GCS/VII/2017','',1,0,NULL,2,'Tax Services  Assistance in Value Added Tax Refund - Period of January to December 2017',1,0,279),(358,'2018-02-20 09:17:33','admin','admin','2018-02-20 09:17:33',0,0,'Tax Review Fiscal Year 2014-2015',NULL,0,0,'IDM/JW','2017-01-01 07:00:00','358/CIJ/GCS/VII/2017','',1,0,NULL,2,'Tax Review Fiscal Year 2014-2015',1,0,60),(359,'2018-02-20 09:17:33','admin','admin','2018-02-20 09:17:33',0,0,'Tax Audit for the fiscal year 2014 & 2015',NULL,0,0,'HBS/Natali','2017-01-01 07:00:00','359/BNP/GCS/VII/2017','',1,0,NULL,2,'Tax Audit for the fiscal year 2014 & 2015',1,0,280),(360,'2018-02-20 09:17:33','admin','admin','2018-02-20 09:17:33',0,0,'Tax Audit for Fiscal Year 2015',NULL,0,0,'JW/Febi','2017-01-01 07:00:00','360/DI/GCS/VII/2017','',1,0,NULL,2,'Tax Audit for Fiscal Year 2015',1,0,281),(361,'2018-02-20 09:17:33','admin','admin','2018-02-20 09:17:33',0,0,'Taxation Assistance Services',NULL,0,0,'AW/AN','2017-01-01 07:00:00','361/DID/GCS/VII/2017','',1,0,NULL,2,'Taxation Assistance Services',1,0,282),(362,'2018-02-20 09:17:33','admin','admin','2018-02-20 09:17:33',0,0,'TP FY 2016',NULL,0,0,'','2017-01-01 07:00:00','362/DID/GCS/VII/2017','',0,0,NULL,2,'TP FY 2016',1,0,282),(363,'2018-02-20 09:17:33','admin','admin','2018-02-20 09:17:33',0,0,'TP Study',NULL,0,0,'AW','2017-01-01 07:00:00','363/DID/GCS/VII/2017','',1,0,NULL,2,'TP Study',1,0,282),(364,'2018-02-20 09:17:33','admin','admin','2018-02-20 09:17:33',0,0,'Appeal Assistance on the Corporate Income Tax FY 2012, 2013, 2014',NULL,0,0,'FC/Siska','2017-01-01 07:00:00','364/PNI/GCS/VII/2017','',1,0,NULL,2,'Appeal Assistance on the Corporate Income Tax FY 2012, 2013, 2014',1,0,283),(365,'2018-02-20 09:17:33','admin','admin','2018-02-20 09:17:33',0,0,'Tax Advisory, Prep. Monthly Compliance, Preep CIT FY 2017',NULL,0,0,'AW/Febi','2017-01-01 07:00:00','365/MT/GCS/VII/2017','',1,0,NULL,2,'Tax Advisory, Prep. Monthly Compliance, Preep CIT FY 2017',1,0,284),(366,'2018-02-20 09:17:33','admin','admin','2018-02-20 09:17:33',0,0,'Cancelling Tax Collections Notices',NULL,0,0,'IDM/Anni','2017-01-01 07:00:00','366/ALI/GCS/VII/2017','',1,0,NULL,2,'Cancelling Tax Collections Notices',1,0,50),(367,'2018-02-20 09:17:33','admin','admin','2018-02-20 09:17:33',0,0,'Lawsuit',NULL,0,0,'FAC/Febi','2017-01-01 07:00:00','367/JCI/GCS/VII/2017','',1,0,NULL,2,'Lawsuit',1,0,285),(368,'2018-02-20 09:17:33','admin','admin','2018-02-20 09:17:33',0,0,'Tax Advisory',NULL,0,0,'AW','2017-01-01 07:00:00','368/MCC/GCS/VII/2017','',1,0,NULL,2,'Tax Advisory',1,0,286),(369,'2018-02-20 09:17:33','admin','admin','2018-02-20 09:17:33',0,0,'Advisory on 2015 CIT Objection',NULL,0,0,'FAC/Febi','2017-01-01 07:00:00','369/SMI/GCS/VII/2017','',1,0,NULL,2,'Advisory on 2015 CIT Objection',1,0,287),(370,'2018-02-20 09:17:33','admin','admin','2018-02-20 09:17:33',0,0,'Transfer Pricing Benchmarking Study',NULL,0,0,'Felic / Siska','2017-01-01 07:00:00','370/DIY/GCS/VII/2017','',1,0,NULL,2,'Transfer Pricing Benchmarking Study',1,0,288),(371,'2018-02-20 09:17:33','admin','admin','2018-02-20 09:17:33',0,0,'2012 Fiscal Year Corporate Income Tax Audit',NULL,0,0,'Anni / Irsan','2017-01-01 07:00:00','371/PVMI/GCS/VII/2017','',1,0,NULL,2,'2012 Fiscal Year Corporate Income Tax Audit',1,0,52),(372,'2018-02-20 09:17:33','admin','admin','2018-02-20 09:17:33',0,0,'TP FY 2016 - Local File',NULL,0,0,'Felic / Siska','2017-01-01 07:00:00','372/AF/GCS/VII/2017','',1,0,NULL,2,'TP FY 2016 - Local File',1,0,289),(373,'2018-02-20 09:17:33','admin','admin','2018-02-20 09:17:33',0,0,'TP FY 2016 - Local File',NULL,0,0,'Fellic / Siska','2017-01-01 07:00:00','373/BIS/GCS/VII/2017','',1,0,NULL,2,'TP FY 2016 - Local File',1,0,290),(374,'2018-02-20 09:17:33','admin','admin','2018-02-20 09:17:33',0,0,'TP FY 2016 - Master File',NULL,0,0,'Fellic / Siska','2017-01-01 07:00:00','374/KI/GCS/VII/2017','',1,0,NULL,2,'TP FY 2016 - Master File',1,0,291),(375,'2018-02-20 09:17:33','admin','admin','2018-02-20 09:17:33',0,0,'TP FY 2016 - Local File',NULL,0,0,'Felic/ Siska','2017-01-01 07:00:00','375/CGL/GCS/VII/2017','',1,0,NULL,2,'TP FY 2016 - Local File',1,0,292),(376,'2018-02-20 09:17:33','admin','admin','2018-02-20 09:17:33',0,0,'TP FY 2016 - Master File',NULL,0,0,'Felic/ Siska','2017-01-01 07:00:00','376/CDM/GCS/VII/2017','',1,0,NULL,2,'TP FY 2016 - Master File',1,0,293),(377,'2018-02-20 09:17:33','admin','admin','2018-02-20 09:17:33',0,0,'CITR 2016',NULL,0,0,'JW / Febi','2017-01-01 07:00:00','377/RNSI/GCS/VII/2017','',1,0,NULL,2,'CITR 2016',1,0,219),(378,'2018-02-20 09:17:33','admin','admin','2018-02-20 09:17:33',0,0,'TP Study 2016',NULL,0,0,'JW / Febi','2017-01-01 07:00:00','378/RNSI/GCS/VII/2017','',1,0,NULL,2,'TP Study 2016',1,0,219),(379,'2018-02-20 09:17:33','admin','admin','2018-02-20 09:17:33',0,0,'2015 Tax Audit',NULL,0,0,'HBS / Natali','2017-01-01 07:00:00','379/BI/GCS/VII/2017','',1,0,NULL,2,'2015 Tax Audit',1,0,294),(380,'2018-02-20 09:17:33','admin','admin','2018-02-20 09:17:33',0,0,'Monthly Retainer & Annual Tax Return',NULL,0,0,'HBS / Natali','2017-01-01 07:00:00','380/BI/GCS/VII/2017','',1,0,NULL,2,'Monthly Retainer & Annual Tax Return',1,0,294),(381,'2018-02-20 09:17:33','admin','admin','2018-02-20 09:17:33',0,0,'Lawsuit',NULL,0,0,'RS / Elisa','2017-01-01 07:00:00','381/ALI/GCS/VII/2017','',1,0,NULL,2,'Lawsuit',1,0,50),(382,'2018-02-20 09:17:33','admin','admin','2018-02-20 09:17:33',0,0,'TP 2016',NULL,0,0,'IDM / Anni','2017-01-01 07:00:00','382/FI/GCS/VII/2017','',1,0,NULL,2,'TP 2016',1,0,295),(383,'2018-02-20 09:17:33','admin','admin','2018-02-20 09:17:33',0,0,'VAT Review 2015 - 2016 & Amendment VAT',NULL,0,0,'IDM / Anni','2017-01-01 07:00:00','383/TOI/GCS/VII/2017','',1,0,NULL,2,'VAT Review 2015 - 2016 & Amendment VAT',1,0,296),(384,'2018-02-20 09:17:33','admin','admin','2018-02-20 09:17:33',0,0,'Tax ID Registration, Monthly Compliance 2017 & Moonthly Accounting Services',NULL,0,0,'IDM / Anni','2017-01-01 07:00:00','384/LAB/GCS/VII/2017','',1,0,NULL,2,'Tax ID Registration, Monthly Compliance 2017 & Moonthly Accounting Services',1,0,297),(385,'2018-02-20 09:17:33','admin','admin','2018-02-20 09:17:33',0,0,'TP 2016',NULL,0,0,'DAD / Anni','2017-01-01 07:00:00','385/MRP/GCS/VII/2017','',1,0,NULL,2,'TP 2016',1,0,298),(386,'2018-02-20 09:17:33','admin','admin','2018-02-20 09:17:33',0,0,'Tax Audit 2015',NULL,0,0,'AW / Febi','2017-01-01 07:00:00','386/HIU/GCS/VII/2017','',1,0,NULL,2,'Tax Audit 2015',1,0,16),(387,'2018-02-20 09:17:33','admin','admin','2018-02-20 09:17:33',0,0,'VAT Refund April 2016 - Mar 2017',NULL,0,0,'JW / Febi','2017-01-01 07:00:00','387/CI/GCS/VII/2017','',1,0,NULL,2,'VAT Refund April 2016 - Mar 2017',1,0,27),(388,'2018-02-20 09:17:33','admin','admin','2018-02-20 09:17:33',0,0,'Pemberian Jasa Konsultasi Perpajakan',NULL,0,0,'WAN / Febi','2017-01-01 07:00:00','388/NMS/GCS/VII/2017','',1,0,NULL,2,'Pemberian Jasa Konsultasi Perpajakan',1,0,299),(389,'2018-02-20 09:17:33','admin','admin','2018-02-20 09:17:33',0,0,'Tax Advisory',NULL,0,0,'FAC / Febi','2017-01-01 07:00:00','389/CRG/GCS/VII/2017','',1,0,NULL,2,'Tax Advisory',1,0,300),(390,'2018-02-20 09:17:33','admin','admin','2018-02-20 09:17:33',0,0,'Retainer Advisory',NULL,0,0,'HBS / Natali','2017-01-01 07:00:00','390/NMS/GCS/VII/2017','',1,0,NULL,2,'Retainer Advisory',1,0,299),(391,'2018-02-20 09:17:33','admin','admin','2018-02-20 09:17:33',0,0,'TP 2016',NULL,0,0,'IDM / Anni','2017-01-01 07:00:00','391/SPI/GCS/VIII/2017','',1,0,NULL,2,'TP 2016',1,0,243),(392,'2018-02-20 09:17:33','admin','admin','2018-02-20 09:17:33',0,0,'Tax Audit April 2016 - Mar 2017',NULL,0,0,'JW / Febi','2017-01-01 07:00:00','392/CI/GCS/VIII/2017','',1,0,NULL,2,'Tax Audit April 2016 - Mar 2017',1,0,27),(393,'2018-02-20 09:17:33','admin','admin','2018-02-20 09:17:33',0,0,'TP FY 2016',NULL,0,0,'Felic / Siska','2017-01-01 07:00:00','393/WI/GCS/VIII/2017','',1,0,NULL,2,'TP FY 2016',1,0,301),(394,'2018-02-20 09:17:33','admin','admin','2018-02-20 09:17:33',0,0,'Customs Objection and Appeal 2017',NULL,0,0,'JT / Anni','2017-01-01 07:00:00','394/II/GCS/VIII/2017','',1,0,NULL,2,'Customs Objection and Appeal 2017',1,0,302),(395,'2018-02-20 09:17:33','admin','admin','2018-02-20 09:17:33',0,0,'TP FY 2016',NULL,0,0,'Felic / Siska','2017-01-01 07:00:00','395/MSWK/GCS/VIII/2017','',1,0,NULL,2,'TP FY 2016',1,0,303),(396,'2018-02-20 09:17:33','admin','admin','2018-02-20 09:17:33',0,0,'Tax Services',NULL,0,0,'FAC / Febi','2017-01-01 07:00:00','396/RAMS/GCS/VIII/2017','',1,0,NULL,2,'Tax Services',1,0,304),(397,'2018-02-20 09:17:33','admin','admin','2018-02-20 09:17:33',0,0,'TP FY 2016',NULL,0,0,'Irsan / IDM','2017-01-01 07:00:00','397/DP/GCS/VIII/2017','',0,0,NULL,2,'TP FY 2016',1,0,305),(398,'2018-02-20 09:17:33','admin','admin','2018-02-20 09:17:33',0,0,'SPT Pembetulan Tahunan PPH Badan 2016',NULL,0,0,'AH / AW','2017-01-01 07:00:00','398/LFBMI/GCS/VIII/2017','',0,0,NULL,2,'SPT Pembetulan Tahunan PPH Badan 2016',1,0,306),(399,'2018-02-20 09:17:33','admin','admin','2018-02-20 09:17:33',0,0,'Tax Review, CITC 2017, Tax Advisory',NULL,0,0,'JW / Febi','2017-01-01 07:00:00','399/HSU/GCS/VIII/2017','',1,0,NULL,2,'Tax Review, CITC 2017, Tax Advisory',1,0,307),(400,'2018-02-20 09:17:33','admin','admin','2018-02-20 09:17:33',0,0,'Advisory Service',NULL,0,0,'FAC / Febi','2017-01-01 07:00:00','400/IPS/GCS/VIII/2017','',1,0,NULL,2,'Advisory Service',1,0,308),(401,'2018-02-20 09:17:33','admin','admin','2018-02-20 09:17:33',0,0,'Monthly Tax Compliance & SPT 1771',NULL,0,0,'HBS/Natalia','2017-01-01 07:00:00','401/FI/GCS/VIII/2017','',1,0,NULL,2,'Monthly Tax Compliance & SPT 1771',1,0,309),(402,'2018-02-20 09:17:33','admin','admin','2018-02-20 09:17:33',0,0,'VAT Audit 2014',NULL,0,0,'JW / Febi','2017-01-01 07:00:00','402/PD/GCS/VIII/2017','',1,0,NULL,2,'VAT Audit 2014',1,0,310),(403,'2018-02-20 09:17:33','admin','admin','2018-02-20 09:17:33',0,0,'Objection & Appeal 2015',NULL,0,0,'JW / Febi','2017-01-01 07:00:00','403/PD/GCS/VIII/2017','',1,0,NULL,2,'Objection & Appeal 2015',1,0,310),(404,'2018-02-20 09:17:33','admin','admin','2018-02-20 09:17:33',0,0,'Tax Services',NULL,0,0,'BPS / Anni','2017-01-01 07:00:00','404/GFI/GCS/VIII/2017','',1,0,NULL,2,'Tax Services',1,0,311),(405,'2018-02-20 09:17:33','admin','admin','2018-02-20 09:17:33',0,0,'Tax Services',NULL,0,0,'RS / Natali','2017-01-01 07:00:00','405/PCM/GCS/VIII/2017','',1,0,NULL,2,'Tax Services',1,0,312),(406,'2018-02-20 09:17:33','admin','admin','2018-02-20 09:17:33',0,0,'Corporate Tax Services',NULL,0,0,'IB / Anni','2017-01-01 07:00:00','406/CEC/GCS/VIII/2017       ','',1,0,NULL,2,'Corporate Tax Services',1,0,313),(407,'2018-02-20 09:17:33','admin','admin','2018-02-20 09:17:33',0,0,'Import Facility for Export Purpose (KITE)',NULL,0,0,'JT / Anni','2017-01-01 07:00:00','407/MAI/GCS/VIII/2017','',1,0,NULL,2,'Import Facility for Export Purpose (KITE)',1,0,314),(408,'2018-02-20 09:17:33','admin','admin','2018-02-20 09:17:33',0,0,'TDR FY 2017',NULL,0,0,'JW / Febi','2017-01-01 07:00:00','408/AJT/GCS/VIII/2017','',1,0,NULL,2,'TDR FY 2017',1,0,167),(409,'2018-02-20 09:17:33','admin','admin','2018-02-20 09:17:33',0,0,'TP 2016',NULL,0,0,'IDM / Anni','2017-01-01 07:00:00','409/KLI/GCS/VIII/2017','',1,0,NULL,2,'TP 2016',1,0,315),(410,'2018-02-20 09:17:33','admin','admin','2018-02-20 09:17:33',0,0,'Tax Advisory TDR 2016',NULL,0,0,'AW / AN','2017-01-01 07:00:00','410/SGS/GCS/VIII/2017','',1,0,NULL,2,'Tax Advisory TDR 2016',1,0,316),(411,'2018-02-20 09:17:33','admin','admin','2018-02-20 09:17:33',0,0,'TP FY 2016',NULL,0,0,'Felic / Siska','2017-01-01 07:00:00','411/VDS/GCS/VIII/2017','',1,0,NULL,2,'TP FY 2016',1,0,317),(412,'2018-02-20 09:17:33','admin','admin','2018-02-20 09:17:33',0,0,'Tax & VAT Audit',NULL,0,0,'EA / Anni','2017-01-01 07:00:00','412/NBM/GCS/VIII/2017','',0,0,NULL,2,'Tax & VAT Audit',1,0,318),(413,'2018-02-20 09:17:33','admin','admin','2018-02-20 09:17:33',0,0,'Tax & VAT Audit',NULL,0,0,'EA / Anni','2017-01-01 07:00:00','413/IEM/GCS/VIII/2017','',0,0,NULL,2,'Tax & VAT Audit',1,0,319),(414,'2018-02-20 09:17:33','admin','admin','2018-02-20 09:17:33',0,0,'Tax Objection 2015',NULL,0,0,'RS / Anni','2017-01-01 07:00:00','414/NSN/GCS/VIII/2017','',1,0,NULL,2,'Tax Objection 2015',1,0,320),(415,'2018-02-20 09:17:33','admin','admin','2018-02-20 09:17:33',0,0,'Monthly & CITR 2017',NULL,0,0,'FAC / Febi','2017-01-01 07:00:00','415/REI/GCS/VIII/2017','',0,0,NULL,2,'Monthly & CITR 2017',1,0,146),(416,'2018-02-20 09:17:33','admin','admin','2018-02-20 09:17:33',0,0,'Customs Objection & Appeal Year 2017',NULL,0,0,'JT / Anni','2017-01-01 07:00:00','416/MMKYI/GCS/VIII/2017','',1,0,NULL,2,'Customs Objection & Appeal Year 2017',1,0,321),(417,'2018-02-20 09:17:33','admin','admin','2018-02-20 09:17:33',0,0,'TP 2016',NULL,0,0,'IDM / Anni','2017-01-01 07:00:00','417/THI/GCS/VIII/2017','',1,0,NULL,2,'TP 2016',1,0,322),(418,'2018-02-20 09:17:33','admin','admin','2018-02-20 09:17:33',0,0,'TP 2016',NULL,0,0,'Felic / Siska','2017-01-01 07:00:00','418/CBC/GCS/VIII/2017','',1,0,NULL,2,'TP 2016',1,0,323),(419,'2018-02-20 09:17:33','admin','admin','2018-02-20 09:17:33',0,0,'TP 2016',NULL,0,0,'Felic / Siska','2017-01-01 07:00:00','419/NUE /GCS/VIII/2017','',1,0,NULL,2,'TP 2016',1,0,324),(420,'2018-02-20 09:17:33','admin','admin','2018-02-20 09:17:33',0,0,'Amendment  of CITR 2015',NULL,0,0,'DAD / Anni','2017-01-01 07:00:00','420/PSI/GCS/VIII/2017','',1,0,NULL,2,'Amendment  of CITR 2015',1,0,325),(421,'2018-02-20 09:17:33','admin','admin','2018-02-20 09:17:33',0,0,'Review of 2017 Annual CITR',NULL,0,0,'JW / Febi','2017-01-01 07:00:00','421/AJT/GCS/VIII/2017','',1,0,NULL,2,'Review of 2017 Annual CITR',1,0,167),(422,'2018-02-20 09:17:33','admin','admin','2018-02-20 09:17:33',0,0,'CITR 2017',NULL,0,0,'RS / Anni','2017-01-01 07:00:00','422/NSN/GCS/VIII/2017','',1,0,NULL,2,'CITR 2017',1,0,320),(423,'2018-02-20 09:17:33','admin','admin','2018-02-20 09:17:33',0,0,'VAT Audit Dec 2012 & 2013',NULL,0,0,'AN /AW','2017-01-01 07:00:00','423/H3I/GCS/VIII/2017','',1,0,NULL,2,'VAT Audit Dec 2012 & 2013',1,0,136),(424,'2018-02-20 09:17:33','admin','admin','2018-02-20 09:17:33',0,0,'2010 Tax Appeal',NULL,0,0,'RS / Anni','2017-01-01 07:00:00','424/NI/GCS/VIII/2017','',1,0,NULL,2,'2010 Tax Appeal',1,0,139),(425,'2018-02-20 09:17:33','admin','admin','2018-02-20 09:17:33',0,0,'Judicial Review FY 2011',NULL,0,0,'JW / Febi','2017-01-01 07:00:00','425/PD/GCS/VIII/2017','',1,0,NULL,2,'Judicial Review FY 2011',1,0,326),(426,'2018-02-20 09:17:33','admin','admin','2018-02-20 09:17:33',0,0,'Tax Objection 2015',NULL,0,0,'FAC / Febi','2017-01-01 07:00:00','426/AEL/GCS/VIII/2017','',1,0,NULL,2,'Tax Objection 2015',1,0,279),(427,'2018-02-20 09:17:33','admin','admin','2018-02-20 09:17:33',0,0,'Tax Objectiion Assistances 2015',NULL,0,0,'FAC / Febi','2017-01-01 07:00:00','427/LVI/GCS/IX/2017','',1,0,NULL,2,'Tax Objectiion Assistances 2015',1,0,327),(428,'2018-02-20 09:17:33','admin','admin','2018-02-20 09:17:33',0,0,'TP FY 2017',NULL,0,0,'Felic / Siska','2017-01-01 07:00:00','428/AEL/GCS/IX/2017','',1,0,NULL,2,'TP FY 2017',1,0,279),(429,'2018-02-20 09:17:33','admin','admin','2018-02-20 09:17:33',0,0,'Tax Training',NULL,0,0,'AN / AW','2017-01-01 07:00:00','429/H3I/GCS/IX/2017','',1,0,NULL,2,'Tax Training',1,0,136),(430,'2018-02-20 09:17:33','admin','admin','2018-02-20 09:17:33',0,0,'Tax Audit ',NULL,0,0,'AN / AW','2017-01-01 07:00:00','430/SGS/GCS/IX/2017','',1,0,NULL,2,'Tax Audit ',1,0,328),(431,'2018-02-20 09:17:33','admin','admin','2018-02-20 09:17:33',0,0,'Tax Audit 2013-2014',NULL,0,0,'RS / Anni','2017-01-01 07:00:00','431/PCM/GCS/IX/2017','',1,0,NULL,2,'Tax Audit 2013-2014',1,0,329),(432,'2018-02-20 09:17:33','admin','admin','2018-02-20 09:17:33',0,0,'Employee & Personal Income Tax Services',NULL,0,0,'IB / Anni','2017-01-01 07:00:00','432/IDO/GCS/IX/2017','',1,0,NULL,2,'Employee & Personal Income Tax Services',1,0,330),(433,'2018-02-20 09:17:33','admin','admin','2018-02-20 09:17:33',0,0,'Monthly Tax Returns',NULL,0,0,'HBS / Natali','2017-01-01 07:00:00','433/LI/GCS/IX/2017','',1,0,NULL,2,'Monthly Tax Returns',1,0,331),(434,'2018-02-20 09:17:33','admin','admin','2018-02-20 09:17:33',0,0,'2016 Tax Audit',NULL,0,0,'IDM / Anni','2017-01-01 07:00:00','434/II/GCS/IX/2017','',1,0,NULL,2,'2016 Tax Audit',1,0,332),(435,'2018-02-20 09:17:33','admin','admin','2018-02-20 09:17:33',0,0,'TP Services 2017',NULL,0,0,'Felic / Siska','2017-01-01 07:00:00','435/DID/GCS/IX/2017','',1,0,NULL,2,'TP Services 2017',1,0,282),(436,'2018-02-20 09:17:33','admin','admin','2018-02-20 09:17:33',0,0,'Tax Audit Services Year 2016',NULL,0,0,'RS / Anni','2017-01-01 07:00:00','436/GIAP/GCS/IX/2017','',1,0,NULL,2,'Tax Audit Services Year 2016',1,0,45),(437,'2018-02-20 09:17:33','admin','admin','2018-02-20 09:17:33',0,0,'Objection and Appeal 2015',NULL,0,0,'DAD / Anni','2017-01-01 07:00:00','437/AFAI/GCS/IX/2017','',1,0,NULL,2,'Objection and Appeal 2015',1,0,2),(438,'2018-02-20 09:17:33','admin','admin','2018-02-20 09:17:33',0,0,'Tax Audit Assistance Service',NULL,0,0,'JW / Febi','2017-01-01 07:00:00','438/LI/GCS/IX/2017','',0,0,NULL,2,'Tax Audit Assistance Service',1,0,10),(439,'2018-02-20 09:17:33','admin','admin','2018-02-20 09:17:33',0,0,'STP Cancellation & Lawsuit',NULL,0,0,'AW','2017-01-01 07:00:00','439/MMKYI/GCS/IX/2017','',1,0,NULL,2,'STP Cancellation & Lawsuit',1,0,321),(440,'2018-02-20 09:17:33','admin','admin','2018-02-20 09:17:33',0,0,'2015 VAT Refund',NULL,0,0,'HBS / Anni','2017-01-01 07:00:00','440/BMPR/GCS/IX/2017','',1,0,NULL,2,'2015 VAT Refund',1,0,54),(441,'2018-02-20 09:17:33','admin','admin','2018-02-20 09:17:33',0,0,'2015 Objection & Appeal',NULL,0,0,'HBS / Anni','2017-01-01 07:00:00','441/BMPR/GCS/IX/2017','',1,0,NULL,2,'2015 Objection & Appeal',1,0,54),(442,'2018-02-20 09:17:33','admin','admin','2018-02-20 09:17:33',0,0,'Tax Advisory on share selling',NULL,0,0,'AW','2017-01-01 07:00:00','442/MCC/GCS/IX/2017','',0,0,NULL,2,'Tax Advisory on share selling',1,0,286),(443,'2018-02-20 09:17:33','admin','admin','2018-02-20 09:17:33',0,0,'2015 Objection & Appeal',NULL,0,0,'JT / Anni','2017-01-01 07:00:00','443/MAT/GCS/IX/2017','',1,0,NULL,2,'2015 Objection & Appeal',1,0,333),(444,'2018-02-20 09:17:33','admin','admin','2018-02-20 09:17:33',0,0,'Tax Audit Corp & WHT 2014',NULL,0,0,'AW','2017-01-01 07:00:00','444/A3I/GCS/IX/2017','',0,0,NULL,2,'Tax Audit Corp & WHT 2014',1,0,334),(445,'2018-02-20 09:17:33','admin','admin','2018-02-20 09:17:33',0,0,'Assistance in Revocation of USD',NULL,0,0,'FAC / Febi','2017-01-01 07:00:00','445/LVI/GCS/IX/2017','',0,0,NULL,2,'Assistance in Revocation of USD',1,0,327),(446,'2018-02-20 09:17:33','admin','admin','2018-02-20 09:17:33',0,0,'Jasa Konsultasi terkait PPh bulanan dan tahunan karyawan 2017',NULL,0,0,'FAC','2017-01-01 07:00:00','446/REI/GCS/IX/2017','',0,0,NULL,2,'Jasa Konsultasi terkait PPh bulanan dan tahunan karyawan 2017',1,0,146),(447,'2018-02-20 09:17:33','admin','admin','2018-02-20 09:17:33',0,0,'TP services',NULL,0,0,'Felic / Siska','2017-01-01 07:00:00','447/DSI/GCS/X/2017','',1,0,NULL,2,'TP services',1,0,335),(448,'2018-02-20 09:17:33','admin','admin','2018-02-20 09:17:33',0,0,'Tax Advisory',NULL,0,0,'AN / AW','2017-01-01 07:00:00','448/IDS/GCS/X/2017','',0,0,NULL,2,'Tax Advisory',1,0,262),(449,'2018-02-20 09:17:33','admin','admin','2018-02-20 09:17:33',0,0,'2016 Tax Audit',NULL,0,0,'JS / Anni','2017-01-01 07:00:00','449/SUJ/GCS/X/2017','',1,0,NULL,2,'2016 Tax Audit',1,0,65),(450,'2018-02-20 09:17:33','admin','admin','2018-02-20 09:17:33',0,0,'TP 2017',NULL,0,0,'FAC / Febi','2017-01-01 07:00:00','450/IBS/GCS/X/2017','',1,0,NULL,2,'TP 2017',1,0,336),(451,'2018-02-20 09:17:33','admin','admin','2018-02-20 09:17:33',0,0,'2017 CITR',NULL,0,0,'BPS / Anni','2017-01-01 07:00:00','451/JCI/GCS/X/2017','',1,0,NULL,2,'2017 CITR',1,0,337),(452,'2018-02-20 09:17:33','admin','admin','2018-02-20 09:17:33',0,0,'Tax Id Registration',NULL,0,0,'DAD / Anni','2017-01-01 07:00:00','452/IPS/GCS/X/2017','',0,0,NULL,2,'Tax Id Registration',1,0,276),(453,'2018-02-20 09:17:33','admin','admin','2018-02-20 09:17:33',0,0,'2016 Annual Corporate Income Tax Return',NULL,0,0,'HBS / Natali','2017-01-01 07:00:00','453/MCC/GCS/X/2017','',1,0,NULL,2,'2016 Annual Corporate Income Tax Return',1,0,286),(454,'2018-02-20 09:17:33','admin','admin','2018-02-20 09:17:33',0,0,'2017 TDR & CITR',NULL,0,0,'FAC / Febi','2017-01-01 07:00:00','454/SI/GCS/X/2017','',1,0,NULL,2,'2017 TDR & CITR',1,0,217),(455,'2018-02-20 09:17:33','admin','admin','2018-02-20 09:17:33',0,0,'Tax Advisory regarding Permanent Establishment',NULL,0,0,'CO / Febi','2017-01-01 07:00:00','455/DSI/GCS/X/2017','',0,0,NULL,2,'Tax Advisory regarding Permanent Establishment',1,0,266),(456,'2018-02-20 09:17:33','admin','admin','2018-02-20 09:17:33',0,0,'CITR 2015-2017',NULL,0,0,'RS / Anni','2017-01-01 07:00:00','456/AE/GCS/X/2017','',1,0,NULL,2,'CITR 2015-2017',1,0,338),(457,'2018-02-20 09:17:33','admin','admin','2018-02-20 09:17:33',0,0,'Tax Advisory Services (Acquisition of Subsidiary)',NULL,0,0,'CO / Febi','2017-01-01 07:00:00','457/SMART/GCS/X/2017','',1,0,NULL,2,'Tax Advisory Services (Acquisition of Subsidiary)',1,0,128),(458,'2018-02-20 09:17:33','admin','admin','2018-02-20 09:17:33',0,0,'Customs Advisory',NULL,0,0,'JT / Anni','2017-01-01 07:00:00','458/GP/GCS/X/2017','',1,0,NULL,2,'Customs Advisory',1,0,339),(459,'2018-02-20 09:17:33','admin','admin','2018-02-20 09:17:33',0,0,'SPT 1771 & SPT PPh 21',NULL,0,0,'HBS / Natali','2017-01-01 07:00:00','459/CAM/GCS/X/2017','',1,0,NULL,2,'SPT 1771 & SPT PPh 21',1,0,340),(460,'2018-02-20 09:17:33','admin','admin','2018-02-20 09:17:33',0,0,'2016 CIT Audit',NULL,0,0,'JW / Febi','2017-01-01 07:00:00','460/PD/GCS/X/2017','',1,0,NULL,2,'2016 CIT Audit',1,0,310),(461,'2018-02-20 09:17:33','admin','admin','2018-02-20 09:17:33',0,0,'2016 CIT Audit',NULL,0,0,'JW / Febi','2017-01-01 07:00:00','461/TAS/GCS/X/2017','',1,0,NULL,2,'2016 CIT Audit',1,0,38),(462,'2018-02-20 09:17:33','admin','admin','2018-02-20 09:17:33',0,0,'Response Letter',NULL,0,0,'Erviyanti / Natali','2017-01-01 07:00:00','462/UA/GCS/X/2017','',1,0,NULL,2,'Response Letter',1,0,49),(463,'2018-02-20 09:17:33','admin','admin','2018-02-20 09:17:33',0,0,'Transfer Pricing 2016',NULL,0,0,'IDM / Anni','2017-01-01 07:00:00','463/BVI/GCS/X/2017','',1,0,NULL,2,'Transfer Pricing 2016',1,0,341),(464,'2018-02-20 09:17:33','admin','admin','2018-02-20 09:17:33',0,0,'Transfer Pricing 2016',NULL,0,0,'Dwipa / Anni','2017-01-01 07:00:00','464/ALSI/GCS/X/2017','',0,0,NULL,2,'Transfer Pricing 2016',1,0,342),(465,'2018-02-20 09:17:33','admin','admin','2018-02-20 09:17:33',0,0,'2015 Tax Objection & Appeal',NULL,0,0,'BPS / Anni','2017-01-01 07:00:00','465/DSG/GCS/X/2017','',1,0,NULL,2,'2015 Tax Objection & Appeal',1,0,278),(466,'2018-02-20 09:17:33','admin','admin','2018-02-20 09:17:33',0,0,'2014 Tax Audit',NULL,0,0,'BPS / Anni','2017-01-01 07:00:00','466/NOV/GCS/X/2017','',1,0,NULL,2,'2014 Tax Audit',1,0,343),(467,'2018-02-20 09:17:33','admin','admin','2018-02-20 09:17:33',0,0,'2015 Tax Audit',NULL,0,0,'BPS / Anni','2017-01-01 07:00:00','467/NOV/GCS/X/2017','',1,0,NULL,2,'2015 Tax Audit',1,0,343),(468,'2018-02-20 09:17:33','admin','admin','2018-02-20 09:17:33',0,0,'2016 Transfer Pricing',NULL,0,0,'Dwipa / Anni','2017-01-01 07:00:00','468/CWTI/GCS/X/2017','',0,0,NULL,2,'2016 Transfer Pricing',1,0,197),(469,'2018-02-20 09:17:33','admin','admin','2018-02-20 09:17:33',0,0,'VAT Objection, Appeal & Reconsideration',NULL,0,0,'Dwipa / Anni','2017-01-01 07:00:00','469/PSA/GCS/X/2017','',0,0,NULL,2,'VAT Objection, Appeal & Reconsideration',1,0,344),(470,'2018-02-20 09:17:33','admin','admin','2018-02-20 09:17:33',0,0,'2017 Customs Appeal',NULL,0,0,'JT / Anni','2017-01-01 07:00:00','470/RPX/GCS/X/2017','',0,0,NULL,2,'2017 Customs Appeal',1,0,345),(471,'2018-02-20 09:17:33','admin','admin','2018-02-20 09:17:33',0,0,'2016 Tax Audit',NULL,0,0,'RS / Anni','2017-01-01 07:00:00','471/NI/GCS/X/2017','',1,0,NULL,2,'2016 Tax Audit',1,0,139),(472,'2018-02-20 09:17:33','admin','admin','2018-02-20 09:17:33',0,0,'TP 2016',NULL,0,0,'DAD / Anni','2017-01-01 07:00:00','472/RNSI/GCS/X/2017','',1,0,NULL,2,'TP 2016',1,0,219),(473,'2018-02-20 09:17:33','admin','admin','2018-02-20 09:17:33',0,0,'Amendment CITR 2016',NULL,0,0,'RS /Anni','2017-01-01 07:00:00','473/GIAP/GCS/X/2017','',1,0,NULL,2,'Amendment CITR 2016',1,0,45),(474,'2018-02-20 09:17:33','admin','admin','2018-02-20 09:17:33',0,0,'Tax Advisory Services 2017',NULL,0,0,'FAC / Febi','2017-01-01 07:00:00','474/CI/GCS/X/2017','',1,0,NULL,2,'Tax Advisory Services 2017',1,0,46),(475,'2018-02-21 18:09:22','2014011','admin','2018-03-08 18:48:20',26,160,'Tax Audit 2017','2018-03-26 00:00:00',0,0,'Charles Setia','2018-02-21 00:00:00','888',NULL,0,0,'2018-02-26 00:00:00',2,'Smartfren Tax Audit 2017',1,100000000,171),(476,'2018-03-06 18:58:07','2012007','admin','2018-03-09 17:27:22',20,320,'Wismilak Monthly Tax Return','2018-05-01 00:00:00',0,0,'Rahadianto Sudewo','2018-03-01 00:00:00','999',NULL,0,0,'2018-03-05 00:00:00',2,'Preparation of 2018 Monthly Tax Return',1,150000000,234),(477,'2018-03-13 11:36:58','admin','admin','2018-03-23 11:26:06',8,100,'Tax Audit UAT PT','2018-04-12 00:00:00',0,0,'Ahdianto','2018-03-08 00:00:00','xxx-00888',NULL,0,0,'2018-03-12 00:00:00',2,'Tax Audit',1,200000000,347),(478,'2018-04-03 15:57:12','2014011','2014011','2018-04-03 16:39:35',0,0,'',NULL,0,0,'Jeklira Tampubolon','2017-12-08 00:00:00','512/APICAL/GCS/XII/2017',NULL,0,0,NULL,2,'Review 2017 Annual CITR',1,30000000,348),(479,'2018-04-03 16:01:56','2014011','2014011','2018-04-03 16:38:39',0,0,'',NULL,0,0,'Jeklira Tampubolon','2017-12-08 00:00:00','512/APICAL/GCS/XII/2017.',NULL,0,0,NULL,2,'Review 2017 Annual CITR',1,30000000,349),(480,'2018-04-03 16:04:09','2014011','2014011','2018-04-03 16:42:08',0,0,'',NULL,0,0,'Jeklira Tampubolon','2017-12-08 00:00:00','511/APICAL/GCS/XII/2017',NULL,0,0,NULL,2,'Review 2017 Annual CITR',1,30000000,350),(481,'2018-04-03 16:05:18','2014011','2014011','2018-04-03 16:45:49',0,0,'',NULL,0,0,'Jeklira Tampubolon','2017-12-08 00:00:00','511./APICAL/GCS/XII/2017',NULL,0,0,NULL,2,'Review 2017 Annual CITR',1,30000000,351),(482,'2018-04-03 16:21:50','2014011','2014011','2018-04-03 16:44:30',0,0,'',NULL,0,0,'Jeklira Tampubolon','2017-12-08 00:00:00','511/AAG/GCS/XII/2017',NULL,0,0,NULL,2,'Review 2017 Annual CITR',1,30000000,352),(483,'2018-04-03 16:27:12','2014011','2014011','2018-04-03 16:47:24',0,0,'',NULL,0,0,'Jeklira Tampubolon','2017-12-08 00:00:00','511./AAG/GCS/XII/2017',NULL,0,0,NULL,2,'Review 2017 Annual CITR',1,30000000,353),(484,'2018-04-03 16:29:20','2014011','2014011','2018-04-03 16:43:28',0,0,'',NULL,0,0,'Jeklira Tampubolon','2017-12-08 00:00:00','511/AAG/GCS/XII/2017.',NULL,0,0,NULL,2,'Review 2017 Annual CITR',1,30000000,354),(485,'2018-04-03 16:31:11','2014011','2014011','2018-04-03 16:36:53',0,0,'',NULL,0,0,'Jeklira Tampubolon','2017-12-08 00:00:00','540/IP/GCS/XII/2017',NULL,0,0,NULL,2,'Review 2017 Annual CITR',1,30000000,355),(486,'2018-04-03 16:34:22','2014011','2014011','2018-04-03 16:37:34',0,0,'',NULL,0,0,'Jeklira Tampubolon','2017-12-08 00:00:00','540./IP/GCS/XII/2017',NULL,0,0,NULL,2,'Review 2017 Annual CITR',1,30000000,356),(487,'2018-04-03 17:02:26','2014011','2014011','2018-04-03 17:02:26',0,0,'',NULL,0,0,'Charles Oetomo','2018-03-08 00:00:00','112/DSI/GCS/III/2018',NULL,0,0,NULL,2,'Review 2017 Annual CITR',1,20000000,357),(488,'2018-04-03 17:07:58','2014011','2014011','2018-04-03 17:07:58',0,0,'',NULL,0,0,'Charles Oetomo','2017-12-21 00:00:00','554/EI/GCS/XII/2017',NULL,0,0,NULL,2,'Preparation of 2017 Annual CITR',1,69000000,214),(489,'2018-04-03 17:11:04','2014011','2014011','2018-04-03 17:11:04',0,0,'',NULL,0,0,'Hartiadi Budi Santoso','2018-01-22 00:00:00','018/NJS/GCS/I/2018',NULL,0,0,NULL,2,'VAT Tax Refund for August 2017',0,25000000,35),(490,'2018-04-03 17:20:12','2014011','2014011','2018-04-03 17:20:12',0,0,'',NULL,0,0,'Hartiadi Budi Santoso','2018-03-16 00:00:00','187/PNI/GCS/III/2018',NULL,0,0,NULL,2,'Preparation of 2017 Annual CITR',1,42800000,359),(491,'2018-04-03 17:23:43','2014011','2014011','2018-04-03 17:23:43',0,0,'',NULL,0,0,'Hartiadi Budi Santoso','2018-02-13 00:00:00','015/RP/GCS/I/2018',NULL,0,0,NULL,2,'Preparation of 2017 Annual CITR',1,35000000,360),(492,'2018-04-03 17:26:03','2014011','2014011','2018-04-03 17:26:03',0,0,'',NULL,0,0,'Jeklira Tampubolon','2015-01-29 00:00:00','038/SMI/GCS/I/2015',NULL,0,0,NULL,2,'Tax Compliances 2018',1,9500000,361),(493,'2018-04-03 17:27:45','2014011','2014011','2018-04-03 17:27:45',0,0,'',NULL,0,0,'Jeklira Tampubolon','2015-01-29 00:00:00','038./SMI/GCS/I/2015',NULL,0,0,NULL,2,'Preparation of 2017 Annual CITR',1,42500000,361),(494,'2018-04-03 17:52:47','2014011','2014011','2018-04-03 17:52:47',0,0,'',NULL,0,0,'Charles Oetomo','2018-03-01 00:00:00','095/MSAI/GCS/III/2018',NULL,0,0,NULL,2,'Preparation of 2017 Annual Individual Tax Return',1,8500000,141),(495,'2018-04-03 18:01:13','2014011','2014011','2018-04-03 18:01:13',0,0,'',NULL,0,0,'Charles Oetomo','2018-02-20 00:00:00','089/EC/GCS/II/2018',NULL,0,0,NULL,2,'Tax Audit 2015',1,320000000,363);
/*!40000 ALTER TABLE `project` ENABLE KEYS */;
UNLOCK TABLES;

--
-- Table structure for table `project_files`
--

DROP TABLE IF EXISTS `project_files`;
/*!40101 SET @saved_cs_client     = @@character_set_client */;
/*!40101 SET character_set_client = utf8 */;
CREATE TABLE `project_files` (
  `id` int(11) NOT NULL AUTO_INCREMENT,
  `create_timestamp` datetime NOT NULL,
  `created_by` varchar(255) NOT NULL,
  `last_modified_by` varchar(255) NOT NULL,
  `last_modified_timestamp` datetime NOT NULL,
  `content_type` varchar(255) DEFAULT NULL,
  `file_name` varchar(255) DEFAULT NULL,
  `prj_id` int(11) DEFAULT NULL,
  PRIMARY KEY (`id`),
  KEY `FK170f278mk0ky254mpgm3807xg` (`prj_id`)
) ENGINE=MyISAM DEFAULT CHARSET=utf8;
/*!40101 SET character_set_client = @saved_cs_client */;

--
-- Dumping data for table `project_files`
--

LOCK TABLES `project_files` WRITE;
/*!40000 ALTER TABLE `project_files` DISABLE KEYS */;
/*!40000 ALTER TABLE `project_files` ENABLE KEYS */;
UNLOCK TABLES;

--
-- Table structure for table `project_resource`
--

DROP TABLE IF EXISTS `project_resource`;
/*!40101 SET @saved_cs_client     = @@character_set_client */;
/*!40101 SET character_set_client = utf8 */;
CREATE TABLE `project_resource` (
  `id` int(11) NOT NULL AUTO_INCREMENT,
  `create_timestamp` datetime NOT NULL,
  `created_by` varchar(255) NOT NULL,
  `last_modified_by` varchar(255) NOT NULL,
  `last_modified_timestamp` datetime NOT NULL,
  `allocated_hours` double DEFAULT NULL,
  `emp_id` int(11) DEFAULT NULL,
  `prj_id` int(11) DEFAULT NULL,
  PRIMARY KEY (`id`),
  KEY `emp_id_idx` (`emp_id`),
  KEY `prj_id_idx` (`prj_id`)
) ENGINE=MyISAM AUTO_INCREMENT=142 DEFAULT CHARSET=utf8;
/*!40101 SET character_set_client = @saved_cs_client */;

--
-- Dumping data for table `project_resource`
--

LOCK TABLES `project_resource` WRITE;
/*!40000 ALTER TABLE `project_resource` DISABLE KEYS */;
INSERT INTO `project_resource` VALUES (25,'2018-02-27 13:41:47','2014011','2014011','2018-02-27 13:41:47',NULL,62,475),(24,'2018-02-27 13:41:47','2014011','2014011','2018-02-27 13:41:47',NULL,27,475),(23,'2018-02-27 13:41:47','2014011','2014011','2018-02-27 13:41:47',NULL,22,475),(21,'2018-02-27 13:41:47','2014011','2014011','2018-02-27 13:41:47',NULL,18,475),(22,'2018-02-27 13:41:47','2014011','2014011','2018-02-27 13:41:47',NULL,20,475),(20,'2018-02-27 13:41:47','2014011','2014011','2018-02-27 13:41:47',NULL,16,475),(19,'2018-02-27 13:41:47','2014011','2014011','2018-02-27 13:41:47',NULL,6,475),(37,'2018-03-08 18:45:41','2012007','2012007','2018-03-08 18:45:41',NULL,50,476),(36,'2018-03-08 18:45:41','2012007','2012007','2018-03-08 18:45:41',NULL,32,476),(35,'2018-03-08 18:45:40','2012007','2012007','2018-03-08 18:45:40',NULL,28,476),(34,'2018-03-08 18:45:40','2012007','2012007','2018-03-08 18:45:40',NULL,11,476),(33,'2018-03-08 18:45:40','2012007','2012007','2018-03-08 18:45:40',NULL,6,476),(32,'2018-03-08 18:45:40','2012007','2012007','2018-03-08 18:45:40',NULL,5,476),(38,'2018-03-08 18:45:41','2012007','2012007','2018-03-08 18:45:41',NULL,58,476),(49,'2018-03-13 11:43:19','2012007','2012007','2018-03-13 11:43:19',NULL,40,477),(48,'2018-03-13 11:43:19','2012007','2012007','2018-03-13 11:43:19',NULL,32,477),(47,'2018-03-13 11:43:19','2012007','2012007','2018-03-13 11:43:19',NULL,18,477),(46,'2018-03-13 11:43:19','2012007','2012007','2018-03-13 11:43:19',NULL,6,477),(45,'2018-03-13 11:43:19','2012007','2012007','2018-03-13 11:43:19',NULL,5,477),(50,'2018-04-03 14:20:37','2014011','2014011','2018-04-03 14:20:37',NULL,22,50),(51,'2018-04-03 14:20:37','2014011','2014011','2018-04-03 14:20:37',NULL,24,50),(52,'2018-04-03 14:20:38','2014011','2014011','2018-04-03 14:20:38',NULL,65,50),(53,'2018-04-03 14:25:58','2014011','2014011','2018-04-03 14:25:58',NULL,8,317),(54,'2018-04-03 14:25:58','2014011','2014011','2018-04-03 14:25:58',NULL,22,317),(55,'2018-04-03 14:25:58','2014011','2014011','2018-04-03 14:25:58',NULL,46,317),(56,'2018-04-03 14:25:58','2014011','2014011','2018-04-03 14:25:58',NULL,65,317),(57,'2018-04-03 14:29:10','2014011','2014011','2018-04-03 14:29:10',NULL,8,354),(58,'2018-04-03 14:29:10','2014011','2014011','2018-04-03 14:29:10',NULL,22,354),(59,'2018-04-03 14:29:10','2014011','2014011','2018-04-03 14:29:10',NULL,46,354),(60,'2018-04-03 14:29:10','2014011','2014011','2018-04-03 14:29:10',NULL,65,354),(102,'2018-04-03 16:39:36','2014011','2014011','2018-04-03 16:39:36',NULL,53,478),(101,'2018-04-03 16:39:36','2014011','2014011','2018-04-03 16:39:36',NULL,22,478),(100,'2018-04-03 16:39:36','2014011','2014011','2018-04-03 16:39:36',NULL,6,478),(99,'2018-04-03 16:38:39','2014011','2014011','2018-04-03 16:38:39',NULL,53,479),(98,'2018-04-03 16:38:39','2014011','2014011','2018-04-03 16:38:39',NULL,25,479),(97,'2018-04-03 16:38:39','2014011','2014011','2018-04-03 16:38:39',NULL,22,479),(105,'2018-04-03 16:42:09','2014011','2014011','2018-04-03 16:42:09',NULL,44,480),(104,'2018-04-03 16:42:09','2014011','2014011','2018-04-03 16:42:09',NULL,28,480),(103,'2018-04-03 16:42:08','2014011','2014011','2018-04-03 16:42:08',NULL,22,480),(114,'2018-04-03 16:45:50','2014011','2014011','2018-04-03 16:45:50',NULL,44,481),(113,'2018-04-03 16:45:49','2014011','2014011','2018-04-03 16:45:49',NULL,28,481),(112,'2018-04-03 16:45:49','2014011','2014011','2018-04-03 16:45:49',NULL,22,481),(111,'2018-04-03 16:44:31','2014011','2014011','2018-04-03 16:44:31',NULL,44,482),(110,'2018-04-03 16:44:31','2014011','2014011','2018-04-03 16:44:31',NULL,28,482),(109,'2018-04-03 16:44:31','2014011','2014011','2018-04-03 16:44:31',NULL,22,482),(117,'2018-04-03 16:47:24','2014011','2014011','2018-04-03 16:47:24',NULL,62,483),(116,'2018-04-03 16:47:24','2014011','2014011','2018-04-03 16:47:24',NULL,44,483),(115,'2018-04-03 16:47:24','2014011','2014011','2018-04-03 16:47:24',NULL,22,483),(108,'2018-04-03 16:43:28','2014011','2014011','2018-04-03 16:43:28',NULL,62,484),(107,'2018-04-03 16:43:28','2014011','2014011','2018-04-03 16:43:28',NULL,44,484),(106,'2018-04-03 16:43:28','2014011','2014011','2018-04-03 16:43:28',NULL,22,484),(90,'2018-04-03 16:36:54','2014011','2014011','2018-04-03 16:36:54',NULL,53,485),(89,'2018-04-03 16:36:54','2014011','2014011','2018-04-03 16:36:54',NULL,25,485),(88,'2018-04-03 16:36:54','2014011','2014011','2018-04-03 16:36:54',NULL,22,485),(94,'2018-04-03 16:37:51','2014011','2014011','2018-04-03 16:37:51',NULL,22,486),(95,'2018-04-03 16:37:51','2014011','2014011','2018-04-03 16:37:51',NULL,25,486),(96,'2018-04-03 16:37:51','2014011','2014011','2018-04-03 16:37:51',NULL,53,486),(118,'2018-04-03 17:02:26','2014011','2014011','2018-04-03 17:02:26',NULL,5,487),(119,'2018-04-03 17:02:26','2014011','2014011','2018-04-03 17:02:26',NULL,12,487),(120,'2018-04-03 17:02:26','2014011','2014011','2018-04-03 17:02:26',NULL,22,487),(121,'2018-04-03 17:07:58','2014011','2014011','2018-04-03 17:07:58',NULL,22,488),(122,'2018-04-03 17:07:58','2014011','2014011','2018-04-03 17:07:58',NULL,28,488),(123,'2018-04-03 17:07:58','2014011','2014011','2018-04-03 17:07:58',NULL,53,488),(124,'2018-04-03 17:11:04','2014011','2014011','2018-04-03 17:11:04',NULL,12,489),(125,'2018-04-03 17:11:04','2014011','2014011','2018-04-03 17:11:04',NULL,22,489),(126,'2018-04-03 17:20:13','2014011','2014011','2018-04-03 17:20:13',NULL,22,490),(127,'2018-04-03 17:20:13','2014011','2014011','2018-04-03 17:20:13',NULL,49,490),(128,'2018-04-03 17:20:13','2014011','2014011','2018-04-03 17:20:13',NULL,55,490),(129,'2018-04-03 17:23:44','2014011','2014011','2018-04-03 17:23:44',NULL,22,491),(130,'2018-04-03 17:23:44','2014011','2014011','2018-04-03 17:23:44',NULL,55,491),(131,'2018-04-03 17:26:03','2014011','2014011','2018-04-03 17:26:03',NULL,22,492),(132,'2018-04-03 17:26:03','2014011','2014011','2018-04-03 17:26:03',NULL,46,492),(133,'2018-04-03 17:26:03','2014011','2014011','2018-04-03 17:26:03',NULL,55,492),(134,'2018-04-03 17:27:45','2014011','2014011','2018-04-03 17:27:45',NULL,22,493),(135,'2018-04-03 17:27:45','2014011','2014011','2018-04-03 17:27:45',NULL,46,493),(136,'2018-04-03 17:27:45','2014011','2014011','2018-04-03 17:27:45',NULL,55,493),(137,'2018-04-03 17:52:47','2014011','2014011','2018-04-03 17:52:47',NULL,22,494),(138,'2018-04-03 17:52:47','2014011','2014011','2018-04-03 17:52:47',NULL,55,494),(139,'2018-04-03 18:01:13','2014011','2014011','2018-04-03 18:01:13',NULL,22,495),(140,'2018-04-03 18:01:13','2014011','2014011','2018-04-03 18:01:13',NULL,38,495),(141,'2018-04-03 18:01:13','2014011','2014011','2018-04-03 18:01:13',NULL,52,495);
/*!40000 ALTER TABLE `project_resource` ENABLE KEYS */;
UNLOCK TABLES;

--
-- Table structure for table `resource_rating`
--

DROP TABLE IF EXISTS `resource_rating`;
/*!40101 SET @saved_cs_client     = @@character_set_client */;
/*!40101 SET character_set_client = utf8 */;
CREATE TABLE `resource_rating` (
  `id` int(11) NOT NULL AUTO_INCREMENT,
  `create_timestamp` datetime NOT NULL,
  `created_by` varchar(255) NOT NULL,
  `last_modified_by` varchar(255) NOT NULL,
  `last_modified_timestamp` datetime NOT NULL,
  `rate` double DEFAULT NULL,
  `role_id` int(11) DEFAULT NULL,
  PRIMARY KEY (`id`),
  UNIQUE KEY `UK4xqqyenihii5jkbo99cirn2h8` (`role_id`)
) ENGINE=MyISAM AUTO_INCREMENT=19 DEFAULT CHARSET=utf8;
/*!40101 SET character_set_client = @saved_cs_client */;

--
-- Dumping data for table `resource_rating`
--

LOCK TABLES `resource_rating` WRITE;
/*!40000 ALTER TABLE `resource_rating` DISABLE KEYS */;
INSERT INTO `resource_rating` VALUES (1,'2018-02-26 11:15:40','admin','admin','2018-02-27 13:10:45',1,3),(2,'2018-02-26 11:15:40','admin','admin','2018-03-20 11:35:55',9,10),(3,'2018-02-26 11:15:40','admin','admin','2018-02-27 13:11:10',1,11),(4,'2018-02-26 11:15:40','admin','admin','2018-02-27 13:16:30',2,17),(5,'2018-02-26 11:15:40','admin','admin','2018-02-26 11:15:40',0,2),(6,'2018-02-26 11:15:40','admin','admin','2018-03-20 11:41:25',4,4),(7,'2018-02-26 11:15:40','admin','admin','2018-02-26 11:15:40',0,5),(8,'2018-02-26 11:15:40','admin','admin','2018-02-26 11:15:40',0,12),(9,'2018-02-26 11:15:40','admin','admin','2018-02-26 11:15:40',0,13),(10,'2018-02-26 11:15:40','admin','admin','2018-02-26 11:15:40',0,14),(11,'2018-02-27 13:10:31','admin','admin','2018-02-27 13:10:31',0,18),(12,'2018-02-27 13:10:31','admin','admin','2018-02-27 13:10:31',0,6),(13,'2018-02-27 13:10:31','admin','admin','2018-02-27 13:10:31',0,7),(14,'2018-02-27 13:10:31','admin','admin','2018-02-27 13:10:31',0,15),(15,'2018-02-27 13:10:31','admin','admin','2018-02-27 13:10:31',0,16),(16,'2018-02-27 13:10:31','admin','admin','2018-02-27 13:10:31',0,8),(17,'2018-02-27 13:10:31','admin','admin','2018-02-27 13:10:31',0,9),(18,'2018-02-27 13:10:31','admin','admin','2018-02-27 13:10:31',0,1);
/*!40000 ALTER TABLE `resource_rating` ENABLE KEYS */;
UNLOCK TABLES;

--
-- Table structure for table `role`
--

DROP TABLE IF EXISTS `role`;
/*!40101 SET @saved_cs_client     = @@character_set_client */;
/*!40101 SET character_set_client = utf8 */;
CREATE TABLE `role` (
  `id` int(11) NOT NULL AUTO_INCREMENT,
  `create_timestamp` datetime NOT NULL,
  `created_by` varchar(255) NOT NULL,
  `last_modified_by` varchar(255) NOT NULL,
  `last_modified_timestamp` datetime NOT NULL,
  `auth_level` int(11) DEFAULT NULL,
  `code` varchar(255) DEFAULT NULL,
  `description` varchar(255) DEFAULT NULL,
  `name` varchar(255) DEFAULT NULL,
  PRIMARY KEY (`id`),
  UNIQUE KEY `UKc36say97xydpmgigg38qv5l2p` (`code`)
) ENGINE=MyISAM AUTO_INCREMENT=19 DEFAULT CHARSET=utf8;
/*!40101 SET character_set_client = @saved_cs_client */;

--
-- Dumping data for table `role`
--

LOCK TABLES `role` WRITE;
/*!40000 ALTER TABLE `role` DISABLE KEYS */;
INSERT INTO `role` VALUES (1,'2018-02-20 02:13:54','system','system','2018-02-20 02:13:54',999,'SYSADMIN','System Administrator','System Administrator'),(2,'2018-02-20 02:13:54','system','system','2018-02-20 02:13:54',0,'INTERN','Intern','Intern'),(3,'2018-02-20 02:13:54','system','system','2018-02-20 02:13:54',1,'ADMIN','Admin','Admin'),(4,'2018-02-20 02:13:54','system','system','2018-02-20 02:13:54',1,'JUNIOR_1','Junior 1','Junior 1'),(5,'2018-02-20 02:13:54','system','system','2018-02-20 02:13:54',2,'JUNIOR_2','Junior 2','Junior 2'),(6,'2018-02-20 02:13:54','system','system','2018-02-20 02:13:54',3,'SENIOR_1','Senior 1','Senior 1'),(7,'2018-02-20 02:13:54','system','system','2018-02-20 02:13:54',4,'SENIOR_2','Senior 2','Senior 2'),(8,'2018-02-20 02:13:54','system','system','2018-02-20 02:13:54',5,'SUPERVISOR_1','Supervisor 1','Supervisor 1'),(9,'2018-02-20 02:13:54','system','system','2018-02-20 02:13:54',6,'SUPERVISOR_2','Supervisor 2','Supervisor 2'),(10,'2018-02-20 02:13:54','system','system','2018-02-20 02:13:54',7,'ASSISTANT_MANAGER','Assistant Manager','Assistant Manager'),(11,'2018-02-20 02:13:54','system','system','2018-02-20 02:13:54',8,'ASSISTANT_MANAGER_1','Assistant Manager 1','Assistant Manager 1'),(12,'2018-02-20 02:13:54','system','system','2018-02-20 02:13:54',9,'MANAGER','Manager','Manager'),(13,'2018-02-20 02:13:54','system','system','2018-02-20 02:13:54',10,'MANAGER_1','Manager 1','Manager 1'),(14,'2018-02-20 02:13:54','system','system','2018-02-20 02:13:54',11,'MANAGER_2','Manager 2','Manager 2'),(15,'2018-02-20 02:13:54','system','system','2018-02-20 02:13:54',12,'SENIOR_MANAGER','Senior Manager','Senior Manager'),(16,'2018-02-20 02:13:54','system','system','2018-02-20 02:13:54',13,'SENIOR_MANAGER_2','Senior Manager 2','Senior Manager 2'),(17,'2018-02-20 02:13:54','system','system','2018-02-20 02:13:54',14,'DIRECTOR','Director','Director'),(18,'2018-02-20 02:13:55','system','system','2018-02-20 02:13:55',15,'PARTNER','Partner','Partner');
/*!40000 ALTER TABLE `role` ENABLE KEYS */;
UNLOCK TABLES;

--
-- Table structure for table `timesheet`
--

DROP TABLE IF EXISTS `timesheet`;
/*!40101 SET @saved_cs_client     = @@character_set_client */;
/*!40101 SET character_set_client = utf8 */;
CREATE TABLE `timesheet` (
  `id` int(11) NOT NULL AUTO_INCREMENT,
  `create_timestamp` datetime NOT NULL,
  `created_by` varchar(255) NOT NULL,
  `last_modified_by` varchar(255) NOT NULL,
  `last_modified_timestamp` datetime NOT NULL,
  `act_date` datetime DEFAULT NULL,
  `hours` double DEFAULT NULL,
  `remarks` varchar(255) DEFAULT NULL,
  `status` int(11) DEFAULT NULL,
  `status_desc` varchar(255) DEFAULT NULL,
  `act_id` int(11) DEFAULT NULL,
  `emp_id` int(11) DEFAULT NULL,
  `prj_id` int(11) DEFAULT NULL,
  PRIMARY KEY (`id`),
  KEY `IDX54sbl2wfma5rr0xrhb209jg3i` (`emp_id`),
  KEY `IDXbhly9f81184avkpgy8np9wx0p` (`prj_id`),
  KEY `IDXt7r98u4u7ij2pdjignkro8t7f` (`act_date`),
  KEY `FK6l4v92ky9e8u09xttnwrkh8yy` (`act_id`)
) ENGINE=MyISAM AUTO_INCREMENT=17 DEFAULT CHARSET=utf8;
/*!40101 SET character_set_client = @saved_cs_client */;

--
-- Dumping data for table `timesheet`
--

LOCK TABLES `timesheet` WRITE;
/*!40000 ALTER TABLE `timesheet` DISABLE KEYS */;
INSERT INTO `timesheet` VALUES (1,'2018-02-21 18:18:35','2016008','admin','2018-02-27 11:45:48','2018-02-27 00:00:00',3,'draft document',2,'Test Reject',8,6,475),(2,'2018-02-27 11:35:28','2014023','admin','2018-02-27 11:36:18','2018-02-27 00:00:00',3,'Data Collection Smartfren',1,'',1,20,475),(3,'2018-03-06 14:23:39','2016008','admin','2018-03-06 14:24:54','2018-03-06 00:00:00',4,'',1,'',5,6,475),(4,'2018-03-06 14:25:45','2016008','admin','2018-03-07 18:04:06','2018-03-05 00:00:00',4,'',1,'',6,6,475),(5,'2018-03-06 14:26:15','2016008','admin','2018-03-07 18:03:50','2018-03-05 00:00:00',10,'',1,'',12,6,475),(6,'2018-03-06 14:27:30','2016008','admin','2018-03-07 18:03:39','2018-03-06 00:00:00',4,'',2,'',13,6,475),(7,'2018-03-07 18:01:41','2016008','admin','2018-03-07 18:03:31','2018-03-07 00:00:00',4,'case study wismilak',1,'',10,6,476),(8,'2018-03-08 17:21:23','2014011','admin','2018-03-08 18:48:20','2018-03-08 00:00:00',2,'Review about the tax',1,'',10,22,475),(9,'2018-03-08 18:46:37','2012007','admin','2018-03-08 18:48:28','2018-03-08 00:00:00',6,'',1,'',1,32,476),(10,'2018-03-08 18:53:22','2017039','admin','2018-03-08 18:54:28','2018-03-08 00:00:00',4,'',1,'',10,11,476),(11,'2018-03-09 17:26:59','2018007','admin','2018-03-09 17:27:22','2018-03-09 00:00:00',6,'',1,'',1,5,476),(12,'2018-03-13 11:47:48','2016008','admin','2018-03-13 12:03:05','2018-03-13 00:00:00',2,'Youtube about tax audit',1,'',13,6,477),(13,'2018-03-20 11:08:00','2016016','2016016','2018-03-20 11:08:00','2018-03-20 00:00:00',4,'',0,NULL,1,62,475),(14,'2018-03-23 11:10:55','2016015','2016015','2018-03-23 11:10:55','2018-03-23 00:00:00',4.5,'',0,NULL,3,18,477),(15,'2018-03-23 11:11:44','2016008','admin','2018-03-23 11:26:06','2018-03-23 00:00:00',4,'Ke papua',1,'Ke papua',12,6,477),(16,'2018-03-23 11:27:01','2016008','2016008','2018-03-23 11:27:01','2018-03-23 00:00:00',1,'Report submited',0,NULL,5,6,475);
/*!40000 ALTER TABLE `timesheet` ENABLE KEYS */;
UNLOCK TABLES;
/*!40103 SET TIME_ZONE=@OLD_TIME_ZONE */;

/*!40101 SET SQL_MODE=@OLD_SQL_MODE */;
/*!40014 SET FOREIGN_KEY_CHECKS=@OLD_FOREIGN_KEY_CHECKS */;
/*!40014 SET UNIQUE_CHECKS=@OLD_UNIQUE_CHECKS */;
/*!40101 SET CHARACTER_SET_CLIENT=@OLD_CHARACTER_SET_CLIENT */;
/*!40101 SET CHARACTER_SET_RESULTS=@OLD_CHARACTER_SET_RESULTS */;
/*!40101 SET COLLATION_CONNECTION=@OLD_COLLATION_CONNECTION */;
/*!40111 SET SQL_NOTES=@OLD_SQL_NOTES */;

-- Dump completed on 2018-04-07 11:42:14
